$MeshFormat
4.1 0 8
$EndMeshFormat
$PhysicalNames
1
3 1 "derham_ladder_domain"
$EndPhysicalNames
$Entities
18 27 11 1
1 -1 -1 1 0 
2 -1 -1 -1 0 
3 -1 1 1 0 
4 -1 1 -1 0 
5 -1 -0.65 -0.47 0 
6 1 -1 -1 0 
7 1 -1 1 0 
8 0.65 -1 0.17 0 
9 1 1 1 0 
10 -0.39 0.65 1 0 
11 1 1 -1 0 
12 -0.39 0.65 -1 0 
13 0.65 1 0.17 0 
14 1 -0.65 -0.47 0 
15 -0.45 -0.25 0.32 0 
16 -0.45 -0.25 -0.02000000000000002 0 
17 0.15 0 0.78 0 
18 0.15 0 0.42 0 
1 -1.0000001 -1.0000001 -1.0000001 -0.9999999000000001 -0.9999999000000001 1.0000001 0 2 2 -1 
2 -1.0000001 -1.0000001 0.9999999000000001 -0.9999999000000001 1.0000001 1.0000001 0 2 1 -3 
3 -1.0000001 -1.0000001 -1.0000001 -0.9999999000000001 1.0000001 -0.9999999000000001 0 2 2 -4 
4 -1.0000001 0.9999999000000001 -1.0000001 -0.9999999000000001 1.0000001 1.0000001 0 2 4 -3 
5 -1.0000001 -0.8300001 -0.8300001 -0.9999999000000001 -0.4699999 -0.4699999 0 2 5 -5 
6 -1.0000001 -1.0000001 -1.0000001 1.0000001 -0.9999999000000001 -0.9999999000000001 0 2 2 -6 
7 0.9999999000000001 -1.0000001 -1.0000001 1.0000001 -0.9999999000000001 1.0000001 0 2 6 -7 
8 -1.0000001 -1.0000001 0.9999999000000001 1.0000001 -0.9999999000000001 1.0000001 0 2 1 -7 
9 0.4799999 -1.0000001 -0.1700001 0.8200001 -0.9999999000000001 0.1700001 0 2 8 -8 
10 -1.0000001 0.9999999000000001 0.9999999000000001 1.0000001 1.0000001 1.0000001 0 2 3 -9 
11 0.9999999000000001 -1.0000001 0.9999999000000001 1.0000001 1.0000001 1.0000001 0 2 7 -9 
12 -0.7100001 0.4899999 0.9999999000000001 -0.3899999 0.8100001 1.0000001 0 2 10 -10 
13 -1.0000001 0.9999999000000001 -1.0000001 1.0000001 1.0000001 -0.9999999000000001 0 2 4 -11 
14 0.9999999000000001 -1.0000001 -1.0000001 1.0000001 1.0000001 -0.9999999000000001 0 2 6 -11 
15 -0.7100001 0.4899999 -1.0000001 -0.3899999 0.8100001 -0.9999999000000001 0 2 12 -12 
16 0.9999999000000001 0.9999999000000001 -1.0000001 1.0000001 1.0000001 1.0000001 0 2 11 -9 
17 0.4799999 0.9999999000000001 -0.1700001 0.8200001 1.0000001 0.1700001 0 2 13 -13 
18 0.9999999000000001 -0.8300001 -0.8300001 1.0000001 -0.4699999 -0.4699999 0 2 14 -14 
19 -1.0000001 -0.6500001 -0.4700001 1.0000001 -0.6499999000000001 -0.4699999 0 2 5 -14 
20 0.6499999000000001 -1.0000001 0.1699999 0.6500001 1.0000001 0.1700001 0 2 8 -13 
21 -0.3900001 0.6499999000000001 -1.0000001 -0.3899999 0.6500001 1.0000001 0 2 12 -10 
22 -0.4500001 -0.2500001 0.3199999 -0.4499999 -0.2499999 0.3200001 0 2 15 -15 
23 -0.4500001000000001 -0.2500001000000001 -0.02000010000000002 -0.2799999 -0.2499999 0.3200001 0 2 16 -15 
24 -0.4500001 -0.2500001 -0.02000010000000002 -0.4499999 -0.2499999 -0.01999990000000002 0 2 16 -16 
25 0.1499999 -1.000000000110841e-07 0.7799999000000001 0.1500001 1.000000000110841e-07 0.7800001 0 2 17 -17 
26 0.1499999 -1.000000000440873e-07 0.4199999 0.3300001 1e-07 0.7800001 0 2 18 -17 
27 0.1499999 -1.000000000110841e-07 0.4199999 0.1500001 1.000000000110841e-07 0.4200001 0 2 18 -18 
1 -1.0000001 -1.0000001 -1.0000001 -0.9999999000000001 1.0000001 1.0000001 0 5 -1 3 4 -2 -5 
2 -1.0000001 -1.0000001 -1.0000001 1.0000001 -0.9999999000000001 1.0000001 0 5 -6 1 8 -7 -9 
3 -1.0000001 -1.0000001 0.9999999000000001 1.0000001 1.0000001 1.0000001 0 5 -2 8 11 -10 -12 
4 -1.0000001 -1.0000001 -1.0000001 1.0000001 1.0000001 -0.9999999000000001 0 5 -3 6 14 -13 -15 
5 -1.0000001 0.9999999000000001 -1.0000001 1.0000001 1.0000001 1.0000001 0 5 -13 4 10 -16 -17 
6 -1.0000001 -0.8300001 -0.8300001 1.0000001 -0.4699999 -0.4699999 0 4 -18 -19 5 19 
7 0.9999999000000001 -1.0000001 -1.0000001 1.0000001 1.0000001 1.0000001 0 5 -7 14 16 -11 -18 
8 0.4799999 -1.0000001 -0.1700001 0.8200001 1.0000001 0.1700001 0 4 -17 -20 9 20 
9 -0.7100001 0.4899999 -1.0000001 -0.3899999 0.8100001 1.0000001 0 4 -12 -21 15 21 
10 -0.6200000999999999 -0.4200001 -0.02000010000000002 -0.2799999 -0.07999989999999998 0.3200001 0 4 -22 -23 24 23 
11 -0.0300001 -0.1800001 0.4199999 0.3300001 0.1800001 0.7800001 0 4 -25 -26 27 26 
100 -1.0000001 -1.0000001 -1.0000001 1.0000001 1.0000001 1.0000001 1 1 11 -1 -2 3 -4 5 -6 7 -8 -9 -10 -11 
$EndEntities
$Nodes
53 1368 1 1368
0 1 0 1
1
-1 -1 1
0 2 0 1
2
-1 -1 -1
0 3 0 1
3
-1 1 1
0 4 0 1
4
-1 1 -1
0 5 0 1
5
-1 -0.65 -0.47
0 6 0 1
6
1 -1 -1
0 7 0 1
7
1 -1 1
0 8 0 1
8
0.65 -1 0.17
0 9 0 1
9
1 1 1
0 10 0 1
10
-0.39 0.65 1
0 11 0 1
11
1 1 -1
0 12 0 1
12
-0.39 0.65 -1
0 13 0 1
13
0.65 1 0.17
0 14 0 1
14
1 -0.65 -0.47
0 15 0 1
15
-0.45 -0.25 0.32
0 16 0 1
16
-0.45 -0.25 -0.02000000000000002
0 17 0 1
17
0.15 0 0.78
0 18 0 1
18
0.15 0 0.42
1 1 0 7
19
20
21
22
23
24
25
-1 -1 -0.7500000000000002
-1 -1 -0.5000000000000004
-1 -1 -0.2500000000000013
-1 -1 -2.442490654175344e-15
-1 -1 0.2499999999999976
-1 -1 0.4999999999999982
-1 -1 0.7499999999999993
1 2 0 7
26
27
28
29
30
31
32
-1 -0.7500000000000002 1
-1 -0.5000000000000004 1
-1 -0.2500000000000013 1
-1 -2.442490654175344e-15 1
-1 0.2499999999999976 1
-1 0.4999999999999982 1
-1 0.7499999999999993 1
1 3 0 7
33
34
35
36
37
38
39
-1 -0.7500000000000002 -1
-1 -0.5000000000000004 -1
-1 -0.2500000000000013 -1
-1 -2.442490654175344e-15 -1
-1 0.2499999999999976 -1
-1 0.4999999999999982 -1
-1 0.7499999999999993 -1
1 4 0 7
40
41
42
43
44
45
46
-1 1 -0.7500000000000002
-1 1 -0.5000000000000004
-1 1 -0.2500000000000013
-1 1 -2.442490654175344e-15
-1 1 0.2499999999999976
-1 1 0.4999999999999982
-1 1 0.7499999999999993
1 5 0 6
47
48
49
50
51
52
-1 -0.7907296668442454 -0.537771835665428
-1 -0.8254870241927282 -0.6900537681121366
-1 -0.7280990730411605 -0.8121743962224355
-1 -0.5719009269588395 -0.8121743962224355
-1 -0.4745129758072718 -0.6900537681121366
-1 -0.5092703331557547 -0.537771835665428
1 6 0 7
53
54
55
56
57
58
59
-0.7500000000000002 -1 -1
-0.5000000000000004 -1 -1
-0.2500000000000013 -1 -1
-2.442490654175344e-15 -1 -1
0.2499999999999976 -1 -1
0.4999999999999982 -1 -1
0.7499999999999993 -1 -1
1 7 0 7
60
61
62
63
64
65
66
1 -1 -0.7500000000000002
1 -1 -0.5000000000000004
1 -1 -0.2500000000000013
1 -1 -2.442490654175344e-15
1 -1 0.2499999999999976
1 -1 0.4999999999999982
1 -1 0.7499999999999993
1 8 0 7
67
68
69
70
71
72
73
-0.7500000000000002 -1 1
-0.5000000000000004 -1 1
-0.2500000000000013 -1 1
-2.442490654175344e-15 -1 1
0.2499999999999976 -1 1
0.4999999999999982 -1 1
0.7499999999999993 -1 1
1 9 0 6
74
75
76
77
78
79
0.7829113520195649 -1 0.105993266315985
0.8157377450709102 -1 -0.03782855877257263
0.723760235649986 -1 -0.1531647075434107
0.5762397643500168 -1 -0.153164707543412
0.4842622549290905 -1 -0.03782855877257539
0.5170886479804344 -1 0.105993266315984
1 10 0 7
80
81
82
83
84
85
86
-0.7500000000000002 1 1
-0.5000000000000004 1 1
-0.2500000000000013 1 1
-2.442490654175344e-15 1 1
0.2499999999999976 1 1
0.4999999999999982 1 1
0.7499999999999993 1 1
1 11 0 7
87
88
89
90
91
92
93
1 -0.7500000000000002 1
1 -0.5000000000000004 1
1 -0.2500000000000013 1
1 -2.442490654175344e-15 1
1 0.2499999999999976 1
1 0.4999999999999982 1
1 0.7499999999999993 1
1 12 0 6
94
95
96
97
98
99
-0.4502416317026028 0.775093037194885 1
-0.585603349433011 0.8059884659490917 1
-0.6941550188643874 0.7194213982588088 1
-0.6941550188643869 0.5805786017411904 1
-0.5856033494330101 0.4940115340509082 1
-0.4502416317026026 0.5249069628051153 1
1 13 0 7
100
101
102
103
104
105
106
-0.7500000000000002 1 -1
-0.5000000000000004 1 -1
-0.2500000000000013 1 -1
-2.442490654175344e-15 1 -1
0.2499999999999976 1 -1
0.4999999999999982 1 -1
0.7499999999999993 1 -1
1 14 0 7
107
108
109
110
111
112
113
1 -0.7500000000000002 -1
1 -0.5000000000000004 -1
1 -0.2500000000000013 -1
1 -2.442490654175344e-15 -1
1 0.2499999999999976 -1
1 0.4999999999999982 -1
1 0.7499999999999993 -1
1 15 0 6
114
115
116
117
118
119
-0.4502416317026028 0.775093037194885 -1
-0.585603349433011 0.8059884659490917 -1
-0.6941550188643874 0.7194213982588088 -1
-0.6941550188643869 0.5805786017411904 -1
-0.5856033494330101 0.4940115340509082 -1
-0.4502416317026026 0.5249069628051153 -1
1 16 0 7
120
121
122
123
124
125
126
1 1 -0.7500000000000002
1 1 -0.5000000000000004
1 1 -0.2500000000000013
1 1 -2.442490654175344e-15
1 1 0.2499999999999976
1 1 0.4999999999999982
1 1 0.7499999999999993
1 17 0 6
127
128
129
130
131
132
0.7829113520195649 1 0.105993266315985
0.8157377450709102 1 -0.03782855877257263
0.723760235649986 1 -0.1531647075434107
0.5762397643500168 1 -0.153164707543412
0.4842622549290905 1 -0.03782855877257539
0.5170886479804344 1 0.105993266315984
1 18 0 6
133
134
135
136
137
138
1 -0.7907296668442454 -0.537771835665428
1 -0.8254870241927282 -0.6900537681121366
1 -0.7280990730411605 -0.8121743962224355
1 -0.5719009269588395 -0.8121743962224355
1 -0.4745129758072718 -0.6900537681121366
1 -0.5092703331557547 -0.537771835665428
1 19 0 11
139
140
141
142
143
144
145
146
147
148
149
-0.8333333333333337 -0.65 -0.47
-0.6666666666666673 -0.65 -0.47
-0.5000000000000007 -0.65 -0.47
-0.3333333333333339 -0.65 -0.47
-0.1666666666666674 -0.65 -0.47
-4.440892098500626e-16 -0.65 -0.47
0.1666666666666663 -0.65 -0.47
0.333333333333333 -0.65 -0.47
0.4999999999999998 -0.65 -0.47
0.6666666666666663 -0.65 -0.47
0.8333333333333335 -0.65 -0.47
1 20 0 11
150
151
152
153
154
155
156
157
158
159
160
0.65 -0.8333333333333337 0.17
0.65 -0.6666666666666673 0.17
0.65 -0.5000000000000007 0.17
0.65 -0.3333333333333339 0.17
0.65 -0.1666666666666674 0.17
0.65 -4.440892098500626e-16 0.17
0.65 0.1666666666666663 0.17
0.65 0.333333333333333 0.17
0.65 0.4999999999999998 0.17
0.65 0.6666666666666663 0.17
0.65 0.8333333333333335 0.17
1 21 0 11
161
162
163
164
165
166
167
168
169
170
171
-0.39 0.65 -0.8333333333333337
-0.39 0.65 -0.6666666666666673
-0.39 0.65 -0.5000000000000007
-0.39 0.65 -0.3333333333333339
-0.39 0.65 -0.1666666666666674
-0.39 0.65 -4.440892098500626e-16
-0.39 0.65 0.1666666666666663
-0.39 0.65 0.333333333333333
-0.39 0.65 0.4999999999999998
-0.39 0.65 0.6666666666666663
-0.39 0.65 0.8333333333333335
1 23 0 2
172
173
-0.3027756813566457 -0.2500000000000001 0.06499999999999952
-0.3027756813566449 -0.2500000000000001 0.2349999999999991
1 26 0 3
174
175
176
0.2772792206135785 -3.117441802447775e-17 0.4727207793864214
0.33 -4.408728476930472e-17 0.6
0.2772792206135786 -3.117441802447776e-17 0.7272792206135785
2 1 0 76
177
178
179
180
181
182
183
184
185
186
187
188
189
190
191
192
193
194
195
196
197
198
199
200
201
202
203
204
205
206
207
208
209
210
211
212
213
214
215
216
217
218
219
220
221
222
223
224
225
226
227
228
229
230
231
232
233
234
235
236
237
238
239
240
241
242
243
244
245
246
247
248
249
250
251
252
-1 -0.5189966682469889 -0.3791282427774908
-1 0.7917701330859352 0.1159021116288166
-1 -0.1391481411085771 0.7944481216167472
-1 -0.3712293263605904 -0.4462182245122068
-1 -0.3831233656158497 -0.2768002451984675
-1 -0.221861348384371 -0.3495991222721152
-1 -0.2327514406729451 -0.166707068039002
-1 -0.06186549714028489 -0.2451843132863598
-1 -0.07361420638366523 -0.05279441088265135
-1 -0.2444735570079291 0.03045173965819314
-1 0.7926016469636372 -0.357708221644643
-1 0.3656275899576176 0.7874047763526526
-1 0.1062528105509668 -0.1358869009638209
-1 0.09334510988980549 0.06627351308528051
-1 0.1268101045468937 -0.3596189048796078
-1 -0.7834936490538901 0.3749999999999978
-1 -0.5511822344828378 -0.2031406774942908
-1 0.271560740637026 -0.02211573081264362
-1 0.2601135660069822 0.1897162578243168
-1 0.07017675690264924 0.2809220863609476
-1 -0.2077051695318517 -0.5490420077580224
-1 0.3709662700395544 -0.7862526631143631
-1 -0.6053174029520664 0.757258230731144
-1 0.8073287061279073 0.6221677936418397
-1 0.2522708211603457 0.4079557454107197
-1 0.4341027042897601 0.3205811930871836
-1 0.07871160249806075 0.5128651847436116
-1 -0.1288483073075709 0.3869297900918902
-1 -0.8136700461039381 -0.3734529641927928
-1 -0.7645108214039394 -0.1500943993735172
-1 -0.780828807112272 0.1217828629234348
-1 -0.579924505388041 0.2469600239141436
-1 -0.5941191428297499 0.4924080134678288
-1 -0.1026609027828348 -0.7659994655280531
-1 -0.4205079137110594 -0.8420186914169432
-1 0.1291946743081611 -0.7859154453948716
-1 0.2494006998119933 -0.5749120542314484
-1 0.4976195907748515 -0.5922825277775406
-1 0.3867903255864371 -0.3649246017451121
-1 0.02106900151556435 -0.5750184879065454
-1 0.6153192699288632 -0.7885744976008522
-1 0.7904121485565625 -0.1212774140658839
-1 0.6039614445828647 -0.01347316434527668
-1 0.6019397529560031 -0.2339521282318018
-1 -0.363446120906896 0.7901589725332081
-1 0.1023039248107949 0.7610126972886695
-1 0.8054170570109984 0.3631226525902955
-1 -0.5676425738056068 0.01405144094314448
-1 -0.2512173070675024 0.5812168472304919
-1 0.4232903570014683 0.5703059538515503
-1 -0.3796163885435669 0.3813442689736453
-1 -0.3061256657891839 -0.7078652927501439
-1 0.7587167653244038 -0.603497046884964
-1 -0.7999862488239144 0.6152755903844578
-1 0.6130739903334868 0.7732918802806141
-1 -0.08964272303242793 0.1549468667618807
-1 -0.399914019097761 -0.08651175923976284
-1 -0.8607172194467778 -0.8504456328669144
-1 -0.4137694486110184 0.135966090232672
-1 0.2444507105762659 0.6100107079994102
-1 0.2695736318456885 -0.2039338726981182
-1 -0.3797651932457069 -0.5883206688052494
-1 0.6144461595305155 0.2295842482370667
-1 0.4346167743072284 -0.1222613047315616
-1 0.4288424931336516 0.09421852045574042
-1 -0.06871058179881007 -0.4156925672205302
-1 0.6253325322299377 0.4926901342382179
-1 0.6075336163210665 -0.4304729052568123
-1 -0.6500000000000001 -0.3313593250884387
-1 0.8124266740057278 -0.8173801810646717
-1 -0.2528237417432884 0.2179134153627433
-1 -0.8169872981077806 0.8169872981077804
-1 0.8169872981077804 0.8169872981077801
-1 -0.434993874313228 0.6080306356208665
-1 -0.6375000000000002 -0.9060871981112177
-1 -0.07774472187979931 0.6135300724062787
2 2 0 87
253
254
255
256
257
258
259
260
261
262
263
264
265
266
267
268
269
270
271
272
273
274
275
276
277
278
279
280
281
282
283
284
285
286
287
288
289
290
291
292
293
294
295
296
297
298
299
300
301
302
303
304
305
306
307
308
309
310
311
312
313
314
315
316
317
318
319
320
321
322
323
324
325
326
327
328
329
330
331
332
333
334
335
336
337
338
339
0.373789515230488 -1 0.0619491337284459
-0.8127244619937977 -1 -0.1165472561474712
0.3372267146670054 -1 -0.08489774417252061
0.2216058659953193 -1 0.0219414188047482
0.1835534112192199 -1 -0.1399632880950259
0.05432237292299402 -1 -0.02447928233737384
-0.7829670366006508 -1 0.3692811554002839
0.0142901984449475 -1 -0.1995792313127829
0.2727570066309277 -1 0.1707826926794469
-0.1121753167046364 -1 0.7882691706351725
-0.3981643149236609 -1 -0.760294805901004
0.3789080197251802 -1 -0.7916832374193723
-0.1227061248831063 -1 -0.07541372928921808
-0.07713906886328192 -1 0.1075931648090651
0.3232110612338139 -1 -0.2585691182084755
0.6500000000000024 -1 -0.280921183267438
0.3762277824263434 -1 0.7969209922543756
-0.2661260476167912 -1 0.05658870591848242
0.5244963690498792 -1 0.2582716205795297
-0.1666918569537275 -1 -0.26217164612496
-0.01931296946077632 -1 -0.3916040968889596
-0.2150926575276817 -1 0.2454536833422258
-0.009100126966601563 -1 0.2669446982800678
0.6670527217203628 -1 0.331079179794336
0.7576990633644971 -1 -0.6184950654636806
0.5267114104608417 -1 0.4248723197402633
-0.8058506356925111 -1 -0.6336457304424912
-0.6268246164954223 -1 0.7579254882658497
-0.4157716109931284 -1 0.1964962772110719
-0.3425467474383568 -1 0.3919532781043362
-0.2091295946692664 -1 -0.4583252073154278
-0.3750038920374683 -1 -0.3217958826853147
-0.06035668848467968 -1 -0.5930391431179066
0.1260271682560687 -1 -0.5031043904946293
0.6816649892671984 -1 0.5188404103155249
-0.4743217732611038 -1 0.01000180212494794
-0.622502888350664 -1 0.1536400189066702
0.1219048457165484 -1 -0.7558709756178965
-0.4030969187793082 -1 -0.5207911646072301
-0.575006153515357 -1 -0.3786534769316987
0.131545008922799 -1 0.793368366664325
0.2585696866038609 -1 0.6214358555461277
0.009808681873296754 -1 0.6006739988823888
0.3442484837484365 -1 0.3204517787673149
-0.3654202118578198 -1 0.7839280010641443
0.6380828825717109 -1 0.7822686428080328
-0.2434466936408713 -1 0.593553150906452
0.4936461273316839 -1 -0.2895725619849792
0.5981209252167201 -1 -0.4444955993021247
0.4131945920148463 -1 -0.4329486707819806
0.6154691320229397 -1 -0.8072926857513961
-0.4670238129592159 -1 0.5624077771308094
-0.6292426383324418 -1 -0.7937020546832816
-0.8133411505222802 -1 0.6159666887031086
0.1024838260190919 -1 0.1367735600769091
0.4892204109401859 -1 -0.6165905135175428
-0.5540009551922664 -1 0.3576830984281325
-0.1511859590728707 -1 -0.7986121195736005
-0.7790189328230529 -1 -0.3747354882974316
-0.3316186594570486 -1 -0.1278394462056995
0.8080521142085424 -1 -0.4175365094037683
0.1493177858772736 -1 -0.3072395889353552
0.1413889006691398 -1 0.4273951181482585
0.4999999999999984 -1 0.6249730201985333
-0.5800178232117954 -1 -0.1802270739712628
0.8272980307299962 -1 0.6464560699776616
0.8364826843425655 -1 0.3987273982141397
-0.8270115226743693 -1 0.1198518112441322
0.3021597613629179 -1 -0.5875218016330781
0.4454249562367223 -1 -0.1631431534306699
0.4064760045280331 -1 0.1834896984141443
-0.2443866951859572 -1 -0.6262124881030338
-0.5983965990110554 -1 -0.5769704534771896
0.8675852948278138 -1 -0.1632252498244733
0.7872893516164987 -1 0.2511599688648916
0.3687860792366071 -1 0.4905159379576995
-0.1098314405051792 -1 0.4209956546106215
0.8169872981077804 -1 -0.8169872981077807
0.1703556180201991 -1 0.2644695695903996
-0.8169872981077808 -1 -0.8169872981077808
-0.8169872981077807 -1 0.8169872981077804
0.7912527673754881 -1 -0.2645156573719711
0.8926173099846546 -1 0.05537581777809142
-0.6532679519298269 -1 0.5016061904447413
0.8510207618148573 -1 0.8491123798637945
0.2627820737489843 -1 -0.4178767140107037
-0.6584051405387948 -1 -0.01361849228929257
2 3 0 84
340
341
342
343
344
345
346
347
348
349
350
351
352
353
354
355
356
357
358
359
360
361
362
363
364
365
366
367
368
369
370
371
372
373
374
375
376
377
378
379
380
381
382
383
384
385
386
387
388
389
390
391
392
393
394
395
396
397
398
399
400
401
402
403
404
405
406
407
408
409
410
411
412
413
414
415
416
417
418
419
420
421
422
423
-0.3078546034682569 0.5336537761484046 1
0.1257692486874635 -0.7914826393334934 1
-0.3684785212504738 0.3997891801713502 1
-0.2137252790635757 0.4103610996997831 1
-0.2859604814881103 0.2616256339512431 1
-0.1118864075073217 0.2721196209677472 1
-0.1890762589929328 0.1098264532934723 1
-0.003794700502626869 0.123026797758772 1
-0.3675548948337857 -0.7848176285658894 1
0.07496450752564376 0.2960019533214 1
0.1927615555371167 0.1380616734767552 1
-0.08500700615298118 -0.04866776503944292 1
-0.2792118138838956 -0.05948275501468359 1
0.2761793301439091 0.3251977925678371 1
0.7908899816158113 -0.3455020719407037 1
-0.4544381892019502 0.2812383269145471 1
-0.1721772295923034 -0.2243272820286881 1
0.02666833985222272 -0.2148397956254103 1
-0.3765982321776609 -0.2348614033486316 1
0.3988921647402282 0.1544515368738564 1
-0.1526755359420746 0.5605479115140464 1
0.4867650555103098 0.3527151667535908 1
0.3608664582736589 0.5184647887858158 1
-0.07616110151097133 -0.3995032624383286 1
0.13641102057971 -0.3987937218877273 1
-0.4791760997365466 -0.04535725978583516 1
0.5802846146393013 0.5553932648251343 1
-0.8006544607815201 -0.3672581461650366 1
0.3121423630827442 -0.03113919070927196 1
0.5598727994266202 -0.01710742767588858 1
0.6239695112286814 -0.7885609623548424 1
-0.7186316276274836 0.4381556428833995 1
0.436353705494398 -0.2092671703780548 1
-0.8009484767385389 0.09751380998708847 1
0.1139579489454108 0.821238811377347 1
-0.3060315068426203 0.7877928925929782 1
0.7387763361029627 0.3668226005561757 1
-0.8075650833431218 -0.1281971587022824 1
0.4401266179511547 0.7201149832359057 1
-0.1227365466199508 -0.7937698524568291 1
-0.2185202112531912 -0.591532147095064 1
-0.4287370971976454 -0.5676446370214063 1
-0.6105850639211357 -0.7627742804964185 1
0.778860276170128 0.1211809030319517 1
0.3750312455013649 -0.7903149499647535 1
0.4912978676227366 -0.5963234101774335 1
0.7914318909694256 -0.1164399158375135 1
-0.8385228626822955 0.6510351047993677 1
-0.6040959292209251 -0.2352948951743239 1
0.6518768892008959 0.7843483898535779 1
-0.6015891764232402 0.3447246816974832 1
0.2476475423375126 -0.5997291810242079 1
-0.1225257639090374 0.7813703187968541 1
-0.8082467381210841 -0.6114464945663951 1
0.1498255423010031 0.4772843999060341 1
-0.3828467603934647 0.1192261218166939 1
0.7640357724669571 -0.6014140421049408 1
-0.8113802051632824 0.8210741615012109 1
0.1103566029459828 -0.03972153952125357 1
0.008059459549778936 -0.6012358707353647 1
-0.5894474222584528 0.1542566037174291 1
-0.0416107636145403 0.4443879335837702 1
0.8022853825981495 0.6332231184801036 1
0.3569645362024063 -0.4145640044324926 1
0.2298160946929104 -0.2180542370923686 1
-0.2913777645560789 -0.401364766611684 1
-0.7637971278721002 0.2803621713936162 1
0.592268033866707 0.1845066852466684 1
0.5764183586677174 -0.3957135995790102 1
0.02970801553276203 0.6217418808650552 1
-0.4920701736022554 0.408934137127881 1
-0.656246602259517 -0.03141577999158485 1
-0.4714815220563933 -0.3868605848208939 1
-0.8146444462476338 -0.8154820539851461 1
-0.3723144377729591 0.9020031790496099 1
-0.868354391596602 0.3979395538051573 1
0.6189682886039956 -0.2072108984404352 1
0.8169872981077799 -0.8169872981077801 1
-0.6345608580977804 -0.4785326639463882 1
-0.2558174820323978 0.6626729798104567 1
0.2312785461949132 0.6594123125376663 1
-0.8239327801541536 0.5135417806458227 1
0.8427744556457391 0.8427744556457391 1
0.2931912080353389 0.8307259771167643 1
2 4 0 84
424
425
426
427
428
429
430
431
432
433
434
435
436
437
438
439
440
441
442
443
444
445
446
447
448
449
450
451
452
453
454
455
456
457
458
459
460
461
462
463
464
465
466
467
468
469
470
471
472
473
474
475
476
477
478
479
480
481
482
483
484
485
486
487
488
489
490
491
492
493
494
495
496
497
498
499
500
501
502
503
504
505
506
507
-0.3078546034682569 0.5336537761484046 -1
0.1257692486874635 -0.7914826393334934 -1
-0.3684785212504738 0.3997891801713502 -1
-0.2137252790635757 0.4103610996997831 -1
-0.2859604814881103 0.2616256339512431 -1
-0.1118864075073217 0.2721196209677472 -1
-0.1890762589929328 0.1098264532934723 -1
-0.003794700502626869 0.123026797758772 -1
-0.3675548948337857 -0.7848176285658894 -1
0.07496450752564376 0.2960019533214 -1
0.1927615555371167 0.1380616734767552 -1
-0.08500700615298118 -0.04866776503944292 -1
-0.2792118138838956 -0.05948275501468359 -1
0.2761793301439091 0.3251977925678371 -1
0.7908899816158113 -0.3455020719407037 -1
-0.4544381892019502 0.2812383269145471 -1
-0.1721772295923034 -0.2243272820286881 -1
0.02666833985222272 -0.2148397956254103 -1
-0.3765982321776609 -0.2348614033486316 -1
0.3988921647402282 0.1544515368738564 -1
-0.1526755359420746 0.5605479115140464 -1
0.4867650555103098 0.3527151667535908 -1
0.3608664582736589 0.5184647887858158 -1
-0.07616110151097133 -0.3995032624383286 -1
0.13641102057971 -0.3987937218877273 -1
-0.4791760997365466 -0.04535725978583516 -1
0.5802846146393013 0.5553932648251343 -1
-0.8006544607815201 -0.3672581461650366 -1
0.3121423630827442 -0.03113919070927196 -1
0.5598727994266202 -0.01710742767588858 -1
0.6239695112286814 -0.7885609623548424 -1
-0.7186316276274837 0.4381556428833995 -1
0.436353705494398 -0.2092671703780548 -1
-0.8009484767385389 0.09751380998708847 -1
0.1139579489454108 0.8212388113773472 -1
-0.3060315068426203 0.7877928925929782 -1
0.7387763361029627 0.3668226005561757 -1
-0.8075650833431218 -0.1281971587022824 -1
0.4401266179511547 0.7201149832359057 -1
-0.1227365466199508 -0.7937698524568291 -1
-0.2185202112531912 -0.591532147095064 -1
-0.4287370971976454 -0.5676446370214063 -1
-0.6105850639211357 -0.7627742804964185 -1
0.778860276170128 0.1211809030319517 -1
0.3750312455013649 -0.7903149499647535 -1
0.4912978676227366 -0.5963234101774335 -1
0.7914318909694256 -0.1164399158375135 -1
-0.8385228626822955 0.6510351047993677 -1
-0.6040959292209251 -0.2352948951743239 -1
0.6518768892008959 0.7843483898535779 -1
-0.6015891764232402 0.3447246816974832 -1
0.2476475423375126 -0.5997291810242079 -1
-0.1225257639090376 0.7813703187968541 -1
-0.8082467381210841 -0.6114464945663951 -1
0.1498255423010029 0.4772843999060346 -1
-0.3828467603934647 0.1192261218166939 -1
0.7640357724669571 -0.6014140421049408 -1
-0.8113802051632824 0.8210741615012109 -1
0.1103566029459828 -0.03972153952125357 -1
0.008059459549778936 -0.6012358707353647 -1
-0.5894474222584528 0.1542566037174291 -1
-0.04161076361454041 0.4443879335837702 -1
0.8022853825981495 0.6332231184801036 -1
0.3569645362024063 -0.4145640044324926 -1
0.2298160946929104 -0.2180542370923686 -1
-0.2913777645560789 -0.401364766611684 -1
-0.7637971278721001 0.2803621713936162 -1
0.592268033866707 0.1845066852466684 -1
0.5764183586677174 -0.3957135995790102 -1
0.02970801553276159 0.6217418808650552 -1
-0.4920701736022554 0.408934137127881 -1
-0.656246602259517 -0.03141577999158474 -1
-0.4714815220563933 -0.3868605848208939 -1
-0.8146444462476338 -0.8154820539851461 -1
-0.3723144377729594 0.9020031790496099 -1
-0.868354391596602 0.3979395538051569 -1
0.6189682886039956 -0.2072108984404352 -1
0.8169872981077799 -0.8169872981077801 -1
-0.6345608580977804 -0.4785326639463882 -1
-0.255817482032398 0.6626729798104567 -1
0.2312785461949132 0.6594123125376663 -1
-0.8239327801541536 0.5135417806458227 -1
0.8427744556457391 0.8427744556457391 -1
0.2931912080353389 0.8307259771167643 -1
2 5 0 87
508
509
510
511
512
513
514
515
516
517
518
519
520
521
522
523
524
525
526
527
528
529
530
531
532
533
534
535
536
537
538
539
540
541
542
543
544
545
546
547
548
549
550
551
552
553
554
555
556
557
558
559
560
561
562
563
564
565
566
567
568
569
570
571
572
573
574
575
576
577
578
579
580
581
582
583
584
585
586
587
588
589
590
591
592
593
594
0.373789515230488 1 0.0619491337284459
-0.8127244619937977 1 -0.1165472561474712
0.3372267146670054 1 -0.08489774417252061
0.2216058659953193 1 0.0219414188047482
0.1835534112192199 1 -0.1399632880950259
0.05432237292299402 1 -0.02447928233737384
-0.7829670366006508 1 0.3692811554002839
0.0142901984449475 1 -0.1995792313127829
0.2727570066309277 1 0.1707826926794469
-0.1121753167046364 1 0.7882691706351725
-0.3981643149236609 1 -0.760294805901004
0.3789080197251802 1 -0.7916832374193723
-0.1227061248831063 1 -0.07541372928921808
-0.07713906886328192 1 0.1075931648090651
0.3232110612338139 1 -0.2585691182084755
0.6500000000000024 1 -0.280921183267438
0.3762277824263434 1 0.7969209922543756
-0.2661260476167912 1 0.05658870591848242
0.5244963690498792 1 0.2582716205795297
-0.1666918569537275 1 -0.26217164612496
-0.01931296946077632 1 -0.3916040968889596
-0.2150926575276817 1 0.2454536833422258
-0.009100126966601563 1 0.2669446982800678
0.6670527217203628 1 0.331079179794336
0.7576990633644971 1 -0.6184950654636806
0.5267114104608417 1 0.4248723197402633
-0.8058506356925111 1 -0.6336457304424912
-0.6268246164954223 1 0.7579254882658497
-0.4157716109931284 1 0.1964962772110719
-0.3425467474383568 1 0.3919532781043362
-0.2091295946692664 1 -0.4583252073154278
-0.3750038920374683 1 -0.3217958826853147
-0.06035668848467968 1 -0.5930391431179066
0.1260271682560687 1 -0.5031043904946293
0.6816649892671984 1 0.5188404103155249
-0.4743217732611038 1 0.01000180212494794
-0.622502888350664 1 0.1536400189066702
0.1219048457165484 1 -0.7558709756178965
-0.4030969187793082 1 -0.5207911646072301
-0.575006153515357 1 -0.3786534769316987
0.131545008922799 1 0.793368366664325
0.2585696866038609 1 0.6214358555461277
0.009808681873296754 1 0.6006739988823888
0.3442484837484365 1 0.3204517787673149
-0.3654202118578198 1 0.7839280010641443
0.6380828825717109 1 0.7822686428080328
-0.2434466936408713 1 0.593553150906452
0.4936461273316839 1 -0.2895725619849792
0.5981209252167201 1 -0.4444955993021247
0.4131945920148463 1 -0.4329486707819806
0.6154691320229397 1 -0.8072926857513961
-0.4670238129592159 1 0.5624077771308094
-0.6292426383324418 1 -0.7937020546832816
-0.8133411505222802 1 0.6159666887031086
0.1024838260190919 1 0.1367735600769091
0.4892204109401859 1 -0.6165905135175428
-0.5540009551922664 1 0.3576830984281325
-0.1511859590728707 1 -0.7986121195736005
-0.7790189328230529 1 -0.3747354882974316
-0.3316186594570486 1 -0.1278394462056995
0.8080521142085424 1 -0.4175365094037683
0.1493177858772736 1 -0.3072395889353552
0.1413889006691398 1 0.4273951181482585
0.4999999999999984 1 0.6249730201985333
-0.5800178232117954 1 -0.1802270739712628
0.8272980307299962 1 0.6464560699776616
0.8364826843425655 1 0.3987273982141397
-0.8270115226743693 1 0.1198518112441322
0.3021597613629179 1 -0.5875218016330781
0.4454249562367223 1 -0.1631431534306699
0.4064760045280331 1 0.1834896984141443
-0.2443866951859572 1 -0.6262124881030338
-0.5983965990110554 1 -0.5769704534771896
0.8675852948278135 1 -0.163225249824474
0.7872893516164987 1 0.2511599688648916
0.3687860792366071 1 0.4905159379576995
-0.1098314405051792 1 0.4209956546106215
0.8169872981077804 1 -0.8169872981077807
0.1703556180201991 1 0.2644695695903996
-0.8169872981077808 1 -0.8169872981077808
-0.8169872981077807 1 0.8169872981077804
0.7912527673754881 1 -0.2645156573719711
0.8926173099846542 1 0.05537581777809097
-0.6532679519298269 1 0.5016061904447413
0.8510207618148573 1 0.8491123798637945
0.2627820737489843 1 -0.4178767140107037
-0.6584051405387948 1 -0.01361849228929257
2 6 0 84
595
596
597
598
599
600
601
602
603
604
605
606
607
608
609
610
611
612
613
614
615
616
617
618
619
620
621
622
623
624
625
626
627
628
629
630
631
632
633
634
635
636
637
638
639
640
641
642
643
644
645
646
647
648
649
650
651
652
653
654
655
656
657
658
659
660
661
662
663
664
665
666
667
668
669
670
671
672
673
674
675
676
677
678
0.08481772658815956 -0.5179794110569228 -0.5276457434531882
-0.4177453786984145 -0.5183074931947702 -0.5272926911249599
0.8504724654620404 -0.6520340591667908 -0.8299885068644829
0.4166666666666663 -0.7822284143689066 -0.527870370370312
0.4169983862630677 -0.5184435915001298 -0.5271467892865015
0.08333333333333282 -0.7822284143683286 -0.5278703703696863
-0.2499999999988902 -0.782228414369082 -0.527870370370502
-0.5833333333333339 -0.7822284143689623 -0.5278703703703724
-0.8815387079269346 -0.5115912541600121 -0.7650783171366423
-0.8660946835728061 -0.7908437907247536 -0.7620849080576053
0.7499999999999998 -0.7822284143689584 -0.5278703703703681
0.7407609421055932 -0.5172381954000498 -0.5284504083126372
-0.7500000000000004 -0.5177715856305962 -0.5278703703708505
-0.5834439646915833 -0.5183903645370292 -0.5272038117313735
-0.499279116224188 -0.4704579407442359 -0.6628315610195981
-0.3265273453746153 -0.4708317312137751 -0.6672838496911732
-0.6374969582439327 -0.4709068860481576 -0.6680459561961228
-0.5643956889565216 -0.5383533653942787 -0.7911914621399486
0.2514781724578499 -0.5183104976796413 -0.5272894667169267
0.579732208284099 -0.5182370048370426 -0.5273683845589302
0.4998310044558774 -0.470325399852368 -0.6608184130901226
0.3362754516225734 -0.4703695824458872 -0.6615287939236975
0.1726009396650701 -0.4704667079833505 -0.6629536503605915
0.009057436432092114 -0.4706867204709745 -0.6657082075535544
0.09656030548952965 -0.5355225468077187 -0.7889061291326234
-0.06677073337644091 -0.5394472986357215 -0.7920496399891976
0.01765182297854428 -0.6703275979611272 -0.8288485078526818
0.1797662602037033 -0.6674417533442347 -0.8291529660381844
0.4191822111659709 -0.5328481793994234 -0.7866581535436884
0.5846844016896278 -0.5313167280381839 -0.7853302662246608
-0.1437758683535826 -0.6788542615624142 -0.8276722589198657
0.502586615626583 -0.6655504354931182 -0.8293270307454355
-0.07188783171313951 -0.7918408456542753 -0.7608204606743721
0.6695818105528226 -0.6602520283583316 -0.829707807049499
0.582921470657435 -0.7890441764937265 -0.7643097414185749
0.7441008798407109 -0.7886644126800475 -0.7647701209204621
0.7413395139902181 -0.5280583091075877 -0.7824017523384769
-0.1593044671254 -0.4707734466979878 -0.6666686109643533
0.6497119529875603 -0.4704392135683944 -0.6625667806562903
0.4221890645814725 -0.7893511017489435 -0.7639353783570125
-0.2200751803061067 -0.8005751227751717 -0.7486262257274502
-0.3073624416226133 -0.6859127534163528 -0.8263810481374239
-0.3809072190321255 -0.8021031746072331 -0.7462529182643393
-0.4709335013933689 -0.6929735960512358 -0.8247949371189716
-0.5467145595879211 -0.8076229865474753 -0.7369194691185721
0.5845458547197666 -0.7817092259060661 -0.5273106369271369
-0.2500000000011116 -0.5177715856303382 -0.5278703703711298
-0.08126234728697512 -0.5176510786090674 -0.52800097128806
-0.4157969658747112 -0.7818561614623535 -0.5274685645052104
0.2508697007913911 -0.7818561614616479 -0.5274685645044513
0.1748231108932696 -0.8299999891813241 -0.6500624077177104
-0.7500000000000004 -0.7822284143694115 -0.5278703703708587
-0.08246363254141809 -0.7818561614614211 -0.5274685645042071
-0.2313452407057996 -0.5440366263735238 -0.7955052007651129
-0.394827006556038 -0.5421735852658186 -0.7941300256212158
0.2582476705449561 -0.5339327434677075 -0.7875804926618124
0.3412447022058667 -0.6658896057119429 -0.8292972962158632
-0.8895931448796779 -0.4743727044312008 -0.6105658390327671
0.8563479630182576 -0.8264761896163275 -0.6145577300599693
0.8861128574938499 -0.4746556432983031 -0.6093262176227968
-0.8713106567328077 -0.8263237539281861 -0.6138069923787417
-0.8671354228648656 -0.6505068101506083 -0.8299992865082283
-0.7235526658818838 -0.7349344175506285 -0.8087014326190394
-0.7260101429861076 -0.5680345853658368 -0.8102550180301687
-0.7304223319168872 -0.8261339755392936 -0.6871055610484945
0.2636026057630023 -0.7856895668853667 -0.7682723189865727
0.8861678981631456 -0.7907296668442454 -0.7622281643345721
0.6629570689779309 -0.829664550640027 -0.6390159550566652
0.5019135605917504 -0.829781430778713 -0.6411322411422703
0.8796111847616346 -0.5089124816736625 -0.7617779592429357
0.3402068454488079 -0.8299335272445789 -0.6451086021093796
-0.595869291397271 -0.6697970462561391 -0.8289080125638097
0.08613578603768079 -0.7842810355571836 -0.7698691098227161
0.02083987044731606 -0.8299758716757542 -0.6470528633298619
-0.1426726316500908 -0.8298329420987467 -0.6422467467403137
-0.3049055044315395 -0.829638810429258 -0.6386027289423692
-0.4709221472066121 -0.8294082004308747 -0.6354158435912435
-0.878763917773255 -0.5363712910715177 -0.5103987231174218
0.8830874357696699 -0.5434698847362855 -0.5049092196523166
0.8751969022315724 -0.7641351665266819 -0.510812487047413
-0.8773162273932863 -0.763125947803131 -0.5099910005262402
-0.7822936198577013 -0.4738301488984375 -0.68693485566309
-0.6187585102099836 -0.8294339951962153 -0.6357367125835381
0.7782638921373337 -0.4731469496725291 -0.6835111711205241
2 7 0 76
679
680
681
682
683
684
685
686
687
688
689
690
691
692
693
694
695
696
697
698
699
700
701
702
703
704
705
706
707
708
709
710
711
712
713
714
715
716
717
718
719
720
721
722
723
724
725
726
727
728
729
730
731
732
733
734
735
736
737
738
739
740
741
742
743
744
745
746
747
748
749
750
751
752
753
754
1 -0.5189966682469889 -0.3791282427774907
1 0.7917701330859352 0.1159021116288166
1 -0.1391481411085771 0.7944481216167474
1 -0.3712293263605905 -0.4462182245122067
1 -0.3831233656158499 -0.2768002451984675
1 -0.2218613483843711 -0.3495991222721153
1 -0.2327514406729452 -0.166707068039002
1 -0.06186549714028522 -0.2451843132863598
1 -0.07361420638366556 -0.05279441088265147
1 -0.2444735570079292 0.03045173965819359
1 0.792601646963637 -0.3577082216446426
1 0.3656275899576178 0.7874047763526524
1 0.1062528105509664 -0.1358869009638209
1 0.09334510988980504 0.06627351308528073
1 0.1268101045468932 -0.3596189048796077
1 -0.7834936490538901 0.3749999999999978
1 -0.5511822344828375 -0.2031406774942908
1 0.2715607406370253 -0.0221157308126434
1 0.2601135660069822 0.189716257824317
1 0.07017675690264946 0.2809220863609481
1 -0.2077051695318517 -0.5490420077580224
1 0.3709662700395544 -0.7862526631143629
1 -0.6053174029520664 0.757258230731144
1 0.8073287061279075 0.6221677936418397
1 0.2522708211603468 0.4079557454107194
1 0.4341027042897609 0.3205811930871834
1 0.07871160249806142 0.5128651847436121
1 -0.1288483073075708 0.3869297900918907
1 -0.8136700461039381 -0.3734529641927928
1 -0.7645108214039393 -0.1500943993735172
1 -0.780828807112272 0.1217828629234348
1 -0.5799245053880409 0.2469600239141438
1 -0.5941191428297499 0.4924080134678288
1 -0.1026609027828351 -0.7659994655280531
1 -0.4205079137110594 -0.8420186914169432
1 0.1291946743081613 -0.7859154453948716
1 0.2494006998119931 -0.5749120542314482
1 0.4976195907748515 -0.59228252777754
1 0.3867903255864367 -0.3649246017451115
1 0.02106900151556435 -0.5750184879065454
1 0.6153192699288637 -0.7885744976008517
1 0.7904121485565625 -0.1212774140658837
1 0.6039614445828647 -0.01347316434527634
1 0.6019397529560029 -0.233952128231801
1 -0.363446120906896 0.7901589725332081
1 0.1023039248107953 0.7610126972886695
1 0.8054170570109989 0.3631226525902953
1 -0.5676425738056063 0.01405144094314492
1 -0.2512173070675023 0.581216847230493
1 0.4232903570014692 0.5703059538515503
1 -0.3796163885435666 0.3813442689736457
1 -0.3061256657891839 -0.7078652927501439
1 0.758716765324404 -0.6034970468849635
1 -0.7999862488239144 0.6152755903844578
1 0.613073990333487 0.7732918802806141
1 -0.08964272303242804 0.1549468667618812
1 -0.399914019097761 -0.08651175923976284
1 -0.8607172194467778 -0.8504456328669144
1 -0.4137694486110183 0.1359660902326727
1 0.2444507105762668 0.6100107079994104
1 0.2695736318456883 -0.2039338726981181
1 -0.3797651932457067 -0.5883206688052494
1 0.614446159530516 0.2295842482370669
1 0.434616774307228 -0.1222613047315615
1 0.4288424931336516 0.09421852045574108
1 -0.06871058179881007 -0.4156925672205302
1 0.625332532229939 0.4926901342382179
1 0.6075336163210665 -0.4304729052568117
1 -0.6500000000000001 -0.3313593250884388
1 0.8124266740057287 -0.8173801810646716
1 -0.2528237417432881 0.217913415362744
1 -0.8169872981077806 0.8169872981077804
1 0.8169872981077804 0.8169872981077801
1 -0.4349938743132277 0.6080306356208665
1 -0.6375000000000002 -0.9060871981112177
1 -0.07774472187979897 0.6135300724062787
2 8 0 84
755
756
757
758
759
760
761
762
763
764
765
766
767
768
769
770
771
772
773
774
775
776
777
778
779
780
781
782
783
784
785
786
787
788
789
790
791
792
793
794
795
796
797
798
799
800
801
802
803
804
805
806
807
808
809
810
811
812
813
814
815
816
817
818
819
820
821
822
823
824
825
826
827
828
829
830
831
832
833
834
835
836
837
838
0.518963577600394 -0.08669448499722998 0.1083026131019564
0.7806857596737572 0.4166666666666663 0.1087254901966093
0.5190675888039563 -0.8840971821648062 -0.10842833438908
0.7806857596723946 -0.4166666666666673 0.1087254901982471
0.5193142403246231 0.2499999999999996 0.1087254901946625
0.5206469066292054 -0.4173966515830676 0.1103076481274372
0.7806857596739092 0.08333333333333282 0.1087254901964267
0.5227758950984341 0.5860251511033809 0.1127564948550431
0.7812413990388719 0.874390874612796 -0.1080541307786038
0.7811758509202273 -0.8827683406530791 -0.1081336956519767
0.5170886479804362 0.8733576294547318 -0.1059932663159863
0.5193142403253523 -0.7500000000000004 0.1087254901955389
0.7806857596739307 0.7499999999999998 0.1087254901964007
0.7806857596739306 -0.7500000000000004 0.1087254901964008
0.520618448143785 -0.2517125909441136 0.1102742673486319
0.4812928010556791 -0.1724353140286237 -0.02092560690544782
0.4821296834951336 -0.002677578864869634 -0.02682455659570106
0.5553346831903554 -0.09564769019096042 -0.1412036748577374
0.5587087669277092 0.06278529863521976 -0.14340819629345
0.5478615622483812 -0.257295516354456 -0.1358960615090029
0.6884869634030888 -0.1843457355347775 -0.1655860913483053
0.676958546313534 -0.3419176667392505 -0.1678488509959513
0.7971660928601052 -0.2731085030340799 -0.08510077033899821
0.8020380729870785 -0.111385497897003 -0.07605540324247712
0.5188909215346882 0.08244378379499273 0.1082146457000009
0.520623648401352 -0.5841506459855631 0.1102803683663734
0.4823409798757813 -0.6436804659262203 -0.02811499548260343
0.5467200313138496 -0.4218797658977663 -0.1350305449451634
0.6678599418194884 -0.4942486925081406 -0.1690592277227259
0.7797414040595869 0.5856416319505162 0.1098506625953937
0.8174852624280078 0.6424623247326495 -0.02913223076630755
0.8175775195071172 0.4965368300050697 -0.02859676477928512
0.7414875503362093 0.58087790711788 -0.1432830350511866
0.7408916847896881 0.4254535023878103 -0.1436617612174234
0.6051460420486274 0.5073380080531005 -0.1639759813390257
0.598126640968993 0.3635245127880171 -0.1618924168169722
0.7361295733535214 0.2761038371548634 -0.146566355600255
0.6057226303957468 0.6523015241826882 -0.1641326126671002
0.4972215368523616 0.4304704365274472 -0.07455696612822763
0.7797444387215748 -0.5856342374266339 0.1098470783445037
0.817979900855319 -0.6581800669295004 -0.02612954091899051
0.8182838523474516 -0.5063256990697823 -0.02409450225883701
0.5145796637068273 0.4176779934476067 0.10276834395009
0.5193142403244567 0.7499999999977762 0.1087254901944624
0.7807848979083258 0.2509633512154712 0.1086062174974748
0.7801884904426267 -0.2512172896444921 0.1093204324738523
0.7869213050203735 -0.08694317375511273 0.1007598939634111
0.4993432325411875 0.589122791809594 -0.07875619606647659
0.6964315760276422 -0.02782666573841963 -0.1635362612621106
0.8176546350961003 0.3344231895349923 -0.02814113236516084
0.482344359899002 0.157601953016214 -0.02813514425633215
0.8178018959769919 0.1857106457798088 -0.02724928818385504
0.4841723709523614 -0.8817653458734026 0.03743257197199758
0.8158048459796134 0.8814412690851188 0.03753335915791022
0.8157951856969095 -0.8817672273616759 0.03757600829954322
0.4829196138270074 0.8399504737567467 0.0313710783411039
0.7400583953220579 0.734909181509295 -0.1441855937048357
0.4814601831876816 -0.499308858842153 -0.02223353658035912
0.50563430321063 0.7305736583606055 -0.08976940230679754
0.4812621857214879 -0.3362482423145361 -0.020677283006003
0.6506948153820905 -0.8750437462516869 -0.1699985800869667
0.5727884293933757 -0.7379219081641758 -0.1514541955987297
0.6968418614210697 0.1241604035337822 -0.1634192155733508
0.6544587515262893 0.8820923238610128 -0.1699415179843549
0.5500747636553239 -0.5741656690748015 -0.1375316223326862
0.7375057112323985 -0.7329001418039867 -0.1457489296760429
0.5650434671897711 0.2009664213146141 -0.1472494058828914
0.8183005234150063 0.03422855659323609 -0.02397777759165605
0.4814036328119483 0.2919915015029189 -0.02180057272164262
0.7662647658075736 -0.5775738997784667 -0.1240262239677967
0.7822493256391756 -0.4133505888311519 -0.106818143908155
0.6574753793774012 -0.6373331029500816 -0.1698355637172731
0.4814193661503384 0.6674331317869093 0.02192190436176383
0.4840382198159865 -0.7841216472884556 -0.03683323931116009
0.815859676501872 -0.7840304065365697 -0.03729031658077453
0.8159578873425374 0.7857074864841667 -0.03685077514519446
0.8199873059964871 -0.348360209828029 0.002077450374060713
0.4807483719274916 0.518375867959973 0.01593381293994914
0.5417300996087969 -0.8827500076939281 0.1310634528359411
0.7582623105605105 0.8827143553397412 0.1310697223316643
0.7574474326912395 -0.8829170395323165 0.131738563860631
0.5413514411534992 0.8779442635644981 0.1307497252791701
0.5880611570275649 0.7702182761279541 -0.1583148121030879
0.8197478792633066 -0.1978783846244869 0.009255132933130107
2 9 0 83
839
840
841
842
843
844
845
846
847
848
849
850
851
852
853
854
855
856
857
858
859
860
861
862
863
864
865
866
867
868
869
870
871
872
873
874
875
876
877
878
879
880
881
882
883
884
885
886
887
888
889
890
891
892
893
894
895
896
897
898
899
900
901
902
903
904
905
906
907
908
909
910
911
912
913
914
915
916
917
918
919
920
921
-0.4521455242355694 0.5234120796723936 0.08903740122270531
-0.4565395972642333 0.520134095619873 -0.4296933538734629
-0.6521795526284563 0.5268767323994017 0.8760623669149852
-0.4632922394770811 0.7844684508169115 -0.578128584036209
-0.4523955551171259 0.5232191956994041 0.4173582604528367
-0.455104166666303 0.7788207313125617 -0.2500000000000007
-0.4551041666658514 0.778820731312229 0.08333333333333304
-0.4641296937160855 0.7850047795402323 0.4098023394379751
-0.6527789145713152 0.5273766143040313 -0.8778252778632789
-0.6497583682973979 0.7750930371948844 0.8808071806632771
-0.6516288755261167 0.773578200582858 -0.8870340523226835
-0.4551041666672366 0.5211792686867507 0.7499999999999998
-0.4551041666672366 0.5211792686867507 -0.7500000000000004
-0.4551041666664592 0.7788207313126767 0.7499999999999998
-0.4514814614027693 0.5239282047694015 0.2524565551940567
-0.4530637171980264 0.5227075922274397 -0.5872899915552524
-0.58427901563153 0.4937151668032584 -0.6502692604907726
-0.5844685493498537 0.4937568590122539 -0.5041861733196247
-0.5915698464591841 0.4954945053878023 -0.3507266847058047
-0.6920968648596156 0.5764576244803845 -0.4317077609277687
-0.695861245496261 0.5842390916860216 -0.2791826012364919
-0.5993129962700288 0.4977888690046877 -0.228952568728706
-0.6991337318825146 0.5920419978364136 -0.1243142387447838
-0.5838958820313526 0.4936316234614024 0.1739866749931405
-0.6977530632202689 0.7113924450484522 -0.3612736091696284
-0.7006212730843918 0.7039743651601118 -0.5025809876146894
-0.5924059652793217 0.4957218936182811 0.01665738128590277
-0.690682585570539 0.5737870738182296 0.1158326005045811
-0.6877509237422695 0.5686078443082416 0.2607464719359911
-0.6983996001787652 0.7098126965349553 0.1880610646938423
-0.6947398464646972 0.7181936715933076 0.02856846423678694
-0.702557523297892 0.6982307172371838 0.3399355458783548
-0.603610320718959 0.8007512305502359 0.2485098283237306
-0.601332734059666 0.8015419097608303 -0.431731519461678
-0.4527047925838016 0.5229817233078683 0.5838582248290998
-0.5850730139209188 0.4938914361910179 0.6514927182572625
-0.6878690489669202 0.568808095619348 0.4205265582978488
-0.7048236003260588 0.6903689581495088 0.5012561720851187
-0.4523055365542231 0.5232885490098005 -0.07788627515273983
-0.4545261076564471 0.7783928965354847 0.5822203568651547
-0.591825158997461 0.8044365762209106 0.6617331232835979
-0.5933902551779788 0.8040041744745573 0.4999930040156
-0.4551041666654089 0.7788207313119031 -0.7500000000000004
-0.5927677661019565 0.8041782026832858 -0.6768289263821434
-0.4545261076564442 0.7783928965354825 -0.08444630980151335
-0.5944513304003516 0.8037012661809876 -0.1666707405215799
-0.6873606506441083 0.5679509192335025 -0.5829616422329585
-0.6928458096926883 0.5779231337165641 -0.734761234015737
-0.5143966505669897 0.4940115340509083 0.8808071806632696
-0.5157086267627153 0.4937178777930719 -0.8808780195761882
-0.4647097039669094 0.514628047947192 -0.2416533446568323
-0.5153557913984655 0.8062042855057868 0.8810023887480067
-0.5143966505669901 0.8059884659490919 -0.8808071806632696
-0.5838868836814096 0.4936296731653904 0.499307276114533
-0.6898141089269827 0.5722053025910261 0.5841130713746097
-0.6902874558036192 0.5730621696163219 0.7370014376800409
-0.582185116274024 0.4932705570403967 0.3361977181142497
-0.7015854603066656 0.7012039864035639 0.6525774644939359
-0.7099517347319892 0.6460702982012161 0.8804849259508436
-0.7099904496076093 0.6482518483031906 -0.8711875371724241
-0.6918707844902607 0.7239775676007127 -0.7653909011109554
-0.5963190379146595 0.8031487731803959 -0.3037342718287407
-0.4575204496355972 0.7805662006968033 -0.4000059647744851
-0.4585830804334147 0.7813124016114109 0.2291090308337069
-0.5961285686447447 0.8032062503776758 0.1146135148719025
-0.5913272539768589 0.8045705601941463 -0.02235983132647501
-0.694812411607592 0.7180394403592018 -0.2298999315032657
-0.694155018864387 0.7194213982588094 0.7831430257473762
-0.5856033494329622 0.4940115340508973 0.7845928950997121
-0.7030038651016989 0.6967954833711669 -0.6259626934315876
-0.5856121842448045 0.4940135508022762 -0.7722807487422751
-0.5856033494330157 0.8059884659490906 0.786441731075664
-0.5856033494330157 0.8059884659490906 -0.7870382344801623
-0.6863116347405834 0.7337802974114426 -0.1064463863469649
-0.6335203384081844 0.7864710704588426 0.3900983779183222
-0.4265295693238395 0.5482402203783665 0.8865396553404441
-0.4235137915874843 0.5520140873317719 -0.866544704362358
-0.4282596210136088 0.7538233120462348 0.8997198944704303
-0.6846181566661803 0.5635248481018984 0.001192503889905883
-0.4265295693234709 0.7517597796211863 -0.8865396553391258
-0.6293926343494525 0.7889129569588602 -0.5574860817065476
-0.5775665643197549 0.4923926253895307 -0.1098569449164191
-0.6626833238449451 0.7635890334814732 0.5777876842227796
2 10 0 11
922
923
924
925
926
927
928
929
930
931
932
-0.3436054743290733 -0.3808684493059414 0.128700847821644
-0.4009252271189427 -0.3888044187578673 0.234999999999784
-0.4210366225552638 -0.3612129212609594 0.02472905799189748
-0.6001782786519385 -0.1714280984514048 0.1368493000878825
-0.3518504542377673 -0.111195581242284 0.1499999999999992
-0.470617932580146 -0.4182163927655282 0.1366528631881556
-0.6105037217968589 -0.2954945631933821 0.1826925069274275
-0.5794197538187529 -0.3037606603627381 0.05376945017898037
-0.4565066837569781 -0.1058891340269399 0.06005712159942071
-0.4794411458270934 -0.08839702923718154 0.1937915376873142
-0.40049285236885 -0.1161046653383123 0.2423097052820676
2 11 0 28
933
934
935
936
937
938
939
940
941
942
943
944
945
946
947
948
949
950
951
952
953
954
955
956
957
958
959
960
0.2095888812652915 0.07703391470217656 0.4486231813810028
0.1079382249077549 0.05058132327116772 0.4324519865464618
0.0556367393126717 -0.1520106126188145 0.5802934355173704
0.07980755781534789 -0.1468484168297909 0.6768671811291285
0.1989430318259068 -0.1724738403403988 0.6160422577564041
-0.006090050212561204 -0.06321931192721732 0.6635548174734953
-0.01516391091976735 -0.05893223760121778 0.5594059868822905
0.04567887150566359 -0.09545676163738283 0.48862177588338
0.1013950549620861 0.1397159819307947 0.7025524437104022
0.1935278333108416 0.1719795071484174 0.6304692771205851
0.2073812346066718 0.1118479556951624 0.7288310083862851
0.1040878085620053 -0.04539199922137087 0.431977272120561
0.1629794699555077 -0.1478374384314376 0.4981391873304313
0.01434723951094571 0.03550506105988884 0.4871384954431635
0.2891488092637827 0.09261704298216482 0.6667809271402489
0.09753030667880166 0.07100287921806281 0.7568614752752395
0.05503432012113893 0.1519706307376677 0.5830752536698148
0.01209733768465737 0.06501789063325386 0.6956845317903726
0.103952165054608 0.1201320146645189 0.4741115734092853
0.1758785906457214 0.1605727114493699 0.5228851318876276
0.2816015451476994 0.1114949159212001 0.548522655095056
0.07130145348937042 -0.04587108534346201 0.7552494196656693
0.2895283880790227 -0.09327146883944404 0.534944162286523
0.2892876022124827 -0.09311583432335177 0.6657906168702139
-0.02562875287527663 0.03918902632353551 0.5956685592133507
0.1845769200965222 -0.1134103898530478 0.7354345601019858
0.2207424281959143 -0.06960432106956717 0.4498309374691627
0.1915852338049545 0.05248770626624415 0.7670799479898642
3 100 0 408
961
962
963
964
965
966
967
968
969
970
971
972
973
974
975
976
977
978
979
980
981
982
983
984
985
986
987
988
989
990
991
992
993
994
995
996
997
998
999
1000
1001
1002
1003
1004
1005
1006
1007
1008
1009
1010
1011
1012
1013
1014
1015
1016
1017
1018
1019
1020
1021
1022
1023
1024
1025
1026
1027
1028
1029
1030
1031
1032
1033
1034
1035
1036
1037
1038
1039
1040
1041
1042
1043
1044
1045
1046
1047
1048
1049
1050
1051
1052
1053
1054
1055
1056
1057
1058
1059
1060
1061
1062
1063
1064
1065
1066
1067
1068
1069
1070
1071
1072
1073
1074
1075
1076
1077
1078
1079
1080
1081
1082
1083
1084
1085
1086
1087
1088
1089
1090
1091
1092
1093
1094
1095
1096
1097
1098
1099
1100
1101
1102
1103
1104
1105
1106
1107
1108
1109
1110
1111
1112
1113
1114
1115
1116
1117
1118
1119
1120
1121
1122
1123
1124
1125
1126
1127
1128
1129
1130
1131
1132
1133
1134
1135
1136
1137
1138
1139
1140
1141
1142
1143
1144
1145
1146
1147
1148
1149
1150
1151
1152
1153
1154
1155
1156
1157
1158
1159
1160
1161
1162
1163
1164
1165
1166
1167
1168
1169
1170
1171
1172
1173
1174
1175
1176
1177
1178
1179
1180
1181
1182
1183
1184
1185
1186
1187
1188
1189
1190
1191
1192
1193
1194
1195
1196
1197
1198
1199
1200
1201
1202
1203
1204
1205
1206
1207
1208
1209
1210
1211
1212
1213
1214
1215
1216
1217
1218
1219
1220
1221
1222
1223
1224
1225
1226
1227
1228
1229
1230
1231
1232
1233
1234
1235
1236
1237
1238
1239
1240
1241
1242
1243
1244
1245
1246
1247
1248
1249
1250
1251
1252
1253
1254
1255
1256
1257
1258
1259
1260
1261
1262
1263
1264
1265
1266
1267
1268
1269
1270
1271
1272
1273
1274
1275
1276
1277
1278
1279
1280
1281
1282
1283
1284
1285
1286
1287
1288
1289
1290
1291
1292
1293
1294
1295
1296
1297
1298
1299
1300
1301
1302
1303
1304
1305
1306
1307
1308
1309
1310
1311
1312
1313
1314
1315
1316
1317
1318
1319
1320
1321
1322
1323
1324
1325
1326
1327
1328
1329
1330
1331
1332
1333
1334
1335
1336
1337
1338
1339
1340
1341
1342
1343
1344
1345
1346
1347
1348
1349
1350
1351
1352
1353
1354
1355
1356
1357
1358
1359
1360
1361
1362
1363
1364
1365
1366
1367
1368
-0.00993830585364669 0.07519378172143565 -0.3855157085226597
-0.004765335297757148 0.3258045757010816 0.04126096436187215
0.2238159496192137 0.5058405990006054 -0.4884385599168369
-0.4917013475615184 0.0252048973756358 -0.4176840192965013
0.08637060751877546 -0.5007310666226488 0.2202466243367648
0.4067683049483456 0.5032501588930095 0.5045190362529001
0.07757577781365439 -0.07984269181189091 0.01978656839606446
0.01272545691400365 0.4917831887211807 0.3946758874569656
0.398218238060432 -0.5008182538851965 0.4873237819095873
-0.3755507892876428 -0.07187949280490799 0.6428293040168347
0.4175161637644145 -0.04026768150964483 -0.56427092861757
0.6326974550887112 0.2108495829902311 0.6028526245935123
0.1274463476137394 -0.433044226982525 -0.1555463895690866
0.6334404555325952 -0.2105658285405612 0.6011400915700092
-0.2380421752450255 0.2605859450441486 0.4482230633555532
0.06470128772941797 -0.5122276719059857 0.6487291778311819
0.1293287466711843 0.6264528479487277 -0.1434533092446923
-0.1056731881223348 0.3609088323496386 -0.6253223389560634
-0.1656383614307573 -0.2473951880808995 -0.2877984359742486
-0.1889662718860905 -0.6039349939480061 -0.1113105010287676
0.6105131322740366 0.5793750643966711 -0.5569332393766232
-0.2924851264266776 0.1969649282053294 -0.1553168199366276
0.2598140326878098 0.3355534081341928 0.272377781111919
-0.219277962800152 -0.1099934099186051 -0.6250448412217205
-0.1789046859734051 -0.3219828729368515 0.6995305094491947
0.168502953763043 -0.2118764968780993 -0.4089186794706348
-0.09333950839615185 0.08726998737444364 0.2076056124834638
0.2886483492304426 -0.2988912354903865 0.2817426766234179
-0.655915128254178 -0.2609167684277129 -0.3022141773958077
0.06085450264383505 0.4305045018031266 0.6787475185964158
0.1883985846084637 0.6775771468885481 0.1806886788414969
-0.1171086935687234 0.4507047882496852 -0.2978241493098146
0.2062818754253864 0.2871169592716183 -0.2255803207243749
-0.08484995679309347 -0.3498344066116728 0.4096916959382912
-0.6309626289112937 -0.6145130051463333 -0.1158136118290853
0.6587536696420537 -0.2198962954296416 -0.475150836586506
-0.3930478863172366 0.2118811032745511 -0.6664980192654262
-0.56638921986918 0.1585308706110695 0.4186635648097259
-0.6426351259465927 0.1418500054764801 -0.1164037185283225
0.2526951678784163 0.07772047367609344 0.1770350491843579
-0.2008076681867957 -0.6688837755581272 0.2149051696535405
0.1901497883181472 0.2002729969862218 -0.6255888650992298
-0.09633017007819139 0.6159611746023649 0.08333333333333291
-0.3813959773973004 0.2204098956455533 0.1647126734383905
0.5540257370809665 0.003372505313226477 0.4326470601532775
0.2388119017453747 -0.7072632357840302 -0.1869766771206313
0.4650966530251776 0.2788805850225456 -0.4551098398381541
-0.5074836601904988 -0.5449872325555076 0.5985239269122538
-0.4897870109246878 0.2404290734624627 0.7356730201771061
0.3903663984903962 0.6895135567581654 -0.3474257558725996
-0.0625051086108464 0.6751886452099114 -0.5337274297564628
0.3032938061604278 -0.01254925639901808 -0.2516593683567425
0.2307794567452858 -0.7219809059408439 0.1019987984394432
0.5169630991799081 0.05225934140951053 0.7520010925707811
0.09108849354493875 -0.1782349631013553 -0.7030763815677841
-0.1645898240957259 -0.07787079689489851 0.3697745556836308
-0.4077821551211662 -0.4044154580936842 -0.2612710256922736
-0.6940896396904502 0.216427593457952 -0.7107609160048325
-0.2165942831012805 0.3637597408955967 0.716024091075858
-0.5373465989985309 -0.1468493918709421 -0.6921774427032394
0.3883735054425069 -0.3506930727065959 0.7265278120800174
-0.08497071813029655 0.7002479076523254 0.6089195792427484
0.4588362185407706 0.2444156903231129 0.4125580748130084
0.2248483790198837 0.4567380059517323 0.04008680858584898
0.347565537038955 0.3128019740655233 0.7634000654986289
0.6668757383219425 -0.5336540597819482 0.685902672693439
0.3888625006026877 -0.3395249536185337 -0.3324941074048187
0.6690169266456493 0.4166666666666664 0.4284425620976159
-0.200855592152147 0.4311595226965085 0.2457734875366962
-0.6787661511796613 0.2375706237311175 -0.4287450445821701
0.3881749520339957 -0.09343167307366559 0.2958301557208534
0.08922565628029661 0.1957478315200294 0.2673839508251291
0.6640004121463224 0.6548867667231636 0.6793457924515547
0.0503096827217346 -0.2096857892458191 0.2407802018737326
-0.2452978389850273 0.2188124110905619 -0.4296621849712766
-0.6609580300871356 -0.6665526158930347 0.3031031821049112
0.6477881388846803 -0.4166666666666673 0.4270114188079709
0.203430077714253 -0.709265217135288 0.3990963645619082
-0.1776785724084161 -0.01035581581684612 -0.02830051681272529
-0.1233755811008187 0.7234132187067674 -0.2243582502340103
0.6802504484918959 0.1407122281445246 -0.6764227882859738
-0.1237263592143359 0.7252845747214092 0.3360678572842614
0.6057545241115404 -0.7045705547581979 0.4565942236360728
0.2203126262004131 0.695228051360858 0.6601760874279888
0.2326084730515635 -0.2864957048437086 0.02966325191173905
-0.2078535163751568 -0.616693859914218 0.5268163817761534
-0.6825532879930786 -0.1339000569996475 0.5287103214123101
0.4875945144366994 0.7329969749864377 0.3799196077018874
-0.05606048082995679 0.09972768446023114 -0.7227139171169137
-0.705812959807806 0.2221411709878511 0.1633219782599506
-0.05297457589421936 -0.3564295484863617 0.03476965368309388
-0.2115435189345484 0.4378282309786913 -0.06012352133314451
0.4455824585486371 -0.2597832192720879 0.4595304894564909
0.1635390601891349 -0.3390797963289269 0.7693721120695928
-0.3616502330467564 -0.08226546773348595 -0.2094408487902327
0.0212103467796645 -0.7436409763820623 -0.04990376619208685
0.707974921695292 -0.216920664699502 -0.7428958747714545
0.01982280565708025 0.1289371251238319 -0.1304342556156995
-0.4007651529348428 -0.2521738990237297 -0.4842908569384043
0.3908548231727796 0.4054121395394981 -0.7187950443712825
-0.4086786203527018 -0.7227263636053013 0.02685133999864009
-0.2299549206000606 0.1161183964894294 0.7133319723280582
0.08532522340279429 0.5392757576985108 -0.7322027648901783
-0.762421445688415 0.3284651512263558 0.5742974372890434
0.2968480236662532 -0.705394271021589 0.6890824540005385
0.3266519499015392 -0.5405592451619607 0.2552737321446573
0.3405730116021903 0.7097744703547263 -0.690316018969497
-0.7347617374840748 -0.08362126282142153 -0.5040170283339338
0.7179913252789237 0.3564529631135582 -0.403235675758419
0.05700550225673179 0.3183774137482828 -0.4317211564316179
-0.4166666666666673 -0.7024317261181551 -0.2308505947618358
0.3116320897341547 0.3167890011085522 0.5398960564724705
0.1494003743869568 -0.3866808233612178 0.4595666944861717
0.688874490466536 0.7620971432607218 -0.394374182731399
-0.7345466796331963 -0.1115375348031193 -0.09048920221519202
-0.05473318493459763 -0.2666304548498666 -0.5141541948245374
-0.2024182983626567 0.4940639221914633 0.5100534874572156
-0.08333333333333391 -0.7554587141226943 -0.2682796712180153
-0.06041279817352365 -0.5037353231866345 -0.2885323729808211
0.1356669234375317 0.7469968492644632 -0.3768423853896167
0.6344395686377806 0.0485326130444703 -0.4203842430417563
0.7688841515527556 0.1400253521846289 0.3964986629535578
0.2041294896918521 0.2259189558216959 0.001274807714379621
0.3219866435802795 0.508569083542563 -0.2121091634133266
0.03375501967295803 -0.1107360165494165 -0.2243204687060639
-0.02600923568735058 0.2859049921973517 0.4374429742476628
0.4183317879776284 -0.2344084465794907 -0.7399826323802228
-0.2248446359811893 0.5075656842236651 -0.7578209511936644
0.3595911814465109 0.548748632228566 0.2783604992708497
0.1187749883335277 0.725266292427339 0.4246978633081828
0.2567347140121264 -0.5128483948990585 0.01462844498278687
-0.7697513058519503 -0.4838498041922023 -0.2796216332603823
-0.06384930633601582 0.2377074692856327 0.7951045193888318
0.7473552633466333 0.75 0.3972500899995281
-0.7625006077147601 0.3444829446494174 -0.06348509085839814
0.3448927914637892 -0.511594958682744 -0.1978946635351396
0.293943810139324 0.7869488857638424 -0.1619328164423511
0.7809712066967294 -0.5833333333333339 0.3401723520786581
-0.4570576363038016 0.2950735639335049 -0.3420278099656013
0.7818896119645565 -0.2500000000000007 0.3401802559488809
0.2449558961954061 -0.227150378564839 -0.1923683844351346
-0.0658248593479257 -0.187049237024416 0.817548061396296
-0.2306379559318807 -0.02005191693870337 -0.4018240553801454
0.05727131021348229 0.005377626368935728 0.2649256938537787
-0.7397920104234312 -0.007904121032363959 0.298225674729058
-0.4753645060456226 0.2914786934577676 -0.03982431495358217
0.7619218734497769 4.083472249144515e-05 0.682764811117115
0.4166666666666664 -0.774472818700797 -0.3055911852037883
0.7922593380999202 -0.4239092672591834 -0.3361495129758244
0.05755253571246399 0.7739150935035656 0.0178537451173727
0.47593388606418 -0.126023566735063 -0.356920468406708
0.05580850657831013 0.4876129223931943 0.1783866351290246
-0.7103279332554773 0.07246460475048513 0.7084396122285788
0.2063752223888769 0.01643286292741045 -0.4680433389931825
-0.237855158201526 0.7807996578692913 0.08333333333333294
-0.7591808605590766 0.381308546339457 0.7746164799866124
0.03000126273265044 -0.7342906730898804 0.2341226972884674
0.5828030951394887 -0.4113799429113659 -0.3385002823896249
-0.132909835485455 -0.1225596862277731 0.1573653576553783
0.00217500528504086 -0.5670312862349632 0.4291532073152006
0.4930462908781095 0.4857951580418802 -0.3620348714040598
0.441630032466221 0.1958050487086703 0.6126449839430083
-0.24255451758035 -0.2834204230467858 -0.7829538650303617
0.3601081649574948 0.1012136066342024 0.3333587918507457
0.5552002380262598 0.4307688557702528 0.6914044248015671
-0.1929032173991554 0.2045704423200305 0.0450160988835589
-0.2339739709151515 0.7827611547612294 0.7499999999999999
-0.2403671609756818 0.4797159450225826 -0.4863417769871354
-0.1767712505694848 0.7544382875460841 -0.7500000000000006
0.2987828058138533 -0.08423061867895609 0.04588231827153696
-0.6214720526717679 -0.2933212092438152 -0.52552718191456
-0.5171933890137592 0.3020129114303333 -0.804514472323873
0.4608311696443698 -0.1353846622130397 0.6007330292534518
-0.7500000000000004 -0.7743926375519491 -0.2684656918139979
0.04653510392268111 0.4213416235391887 -0.1517011185531532
-0.7825064578538304 0.4039088793536499 -0.3486285537193232
-0.2760943877991998 0.0486338080371916 -0.7897543569478671
0.3329473306134836 -0.2836811897391868 -0.54050017895687
0.353551343057787 0.8004142476052164 0.2304832479699963
-0.7785873911855603 0.3721014017675552 0.3408158091852037
-0.2381174129088921 -0.3810285239149637 -0.1103705981794136
-0.2832150042329997 0.09569885950581558 0.313585754677516
-0.4077231759613528 -0.7344093404728448 0.3815965042025775
-0.4490825242201951 0.3283507777340152 0.3340838615450623
-0.2144201276393921 0.06448237624060818 0.5126790850297177
-0.3241869916450494 -0.3885616506335141 0.4972648603155593
0.1679940555195815 -0.4174787061840215 -0.3619297370246116
0.2142249146745047 -0.07458960837169643 0.273654725924376
0.4670498387085825 -0.3990675183367558 0.3087610968480956
-0.1476961938907483 -0.4495478631463699 0.217228591594929
-0.5118533709811121 -0.2702930289632571 0.7118749709548627
0.1907581197307637 0.4951567206109127 0.51796264565818
-0.7137750321616982 -0.4113333067036655 0.4381078972759305
0.4204126383745126 -0.7443468628982881 0.3202031627081111
0.4159419307031119 0.1485883023551899 -0.7415781649062678
0.1583587271392853 0.3238618558580936 0.4306452958726095
-0.3930336820280339 -0.5384504383169868 -0.09377027642418381
0.07830248932077928 0.5352017678412412 -0.3320419948936358
-0.2312507750056348 0.2913789436194309 -0.7903410179535768
-0.04999268910279898 -0.5725678061241101 0.06558893638637811
-0.2637833905828851 -0.5511972914320428 -0.2993261249866551
-0.1196793445844425 0.2377024895610478 0.602193559389445
-0.5688848400690377 -0.5234586211237741 -0.3192415992396936
0.2777132974520842 0.6510064379399709 -0.002881740915974922
-0.7753907053231968 0.02768720967986231 -0.2887754816187057
-0.2117664434414848 0.5724436294074516 0.7499999999999999
-0.7273047489537963 0.3682235435033663 -0.5773773396018069
0.1101970031034988 -0.7825079097513916 -0.3259154338811577
0.16611764972828 0.2759775745326239 0.8276647237686446
-0.09723067280479043 0.2376726546700451 -0.27462536801465
-0.1594831450717322 -0.2030343296616277 0.5328845039778554
-0.7574675003916299 0.3939971977260375 -0.7739477978420832
-0.07358339052581257 -0.7328693061772247 0.7365684074080594
0.04873876227513479 0.2928111006240408 -0.7755861272144586
-0.08680959388681071 0.2750280810895634 0.2540394514213209
-0.6978363724935921 -0.5180775475091073 0.1051422509107524
-0.2245444925598021 0.7745498242205247 -0.4166666666666673
-0.1900072733923438 -0.7884842518098457 0.02169671135172047
-0.5786019325760132 -0.06587081403114456 -0.2379529251265017
-0.01843866997695502 -0.05638733297298923 -0.5591864256643149
0.7891095261200364 -0.7878158009833296 -0.3314214291946846
0.1586521715545487 0.03053116841436015 -0.782698528330357
-0.7248229919856046 -0.7304273123529079 0.575154345440827
0.7958559299590927 -0.1090000997769852 -0.3428030861278447
0.06757645752569053 0.1037461193115264 0.09335889034143838
0.5354546522614695 -0.583333333333334 0.3062870098975394
-0.7476578202111038 -0.2460957754124444 -0.7866523844937989
-0.4144414290038906 0.3232576057981735 0.5392992676327765
0.793473958780667 -0.7876059473116019 0.3115226321263072
-0.5308262372838999 0.06889900116753492 -0.7902141949459707
-0.6890825420026684 -0.7671000564491559 0.07483441900032556
0.4187282576466048 -0.1119059562085621 0.8219469480767725
0.3906504105346688 0.1844187077755729 -0.2748341202077536
-0.7979588038796822 -0.3140584720750915 -0.1443139435159492
0.8133855050625793 0.3249581243628195 0.3040342958935304
0.3085159311605997 0.07729812380198516 -0.07599991940582422
0.5608730404134576 -0.1642336937189945 0.3397575967337493
-0.303472341331946 0.3859460810049873 -0.2374138018769731
-0.7460981890389569 -0.4663246032404881 0.7254563459297239
-0.5912924454633894 -0.396031716347568 -0.1435732980837996
0.07563401584409894 -0.2518152620266232 -0.08908691972777957
0.7562184072333676 -0.07627041242675241 0.4750070186616439
0.1215134304298614 -0.5919127989596387 -0.2902375739927562
0.766166627196498 0.3916008664749693 -0.6620356991633185
0.4478076927774116 0.7082258191152585 0.6087636303206595
0.5469641917409347 -0.7595652001095734 0.6997520169871673
-0.7614797871403551 -0.004399873645448357 -0.7836364889103125
0.2449858564275642 0.222573501616348 -0.4228852140742446
0.2304471365439345 -0.319509644704618 -0.80797765434452
0.2981602155681219 -0.818873737567777 -0.04603723176544779
0.8003880773168922 0.5352958245909445 0.3136710822836803
-0.6702921475947987 0.02616303280718227 0.0690766268391324
0.02450981842857967 -0.308769323349708 -0.274159064008989
-0.3472226276437768 -0.731861847978887 0.7322683777911839
-0.1641223870289348 -0.04296246589014061 0.6255991304490128
-0.117162126695473 -0.01218787752894283 0.7998748101455837
0.2402245115929826 0.5115570937173288 0.7936207561651955
-0.1384958006421136 0.04147552703178595 -0.228473891526896
-0.3597353759615071 0.08506977893777434 0.007421126313753884
-0.1276221029208286 -0.2042897005507835 -0.08711888292629749
-0.5361305069776388 0.3159109045711004 -0.577114372853576
0.00923443155328646 -0.3258514191432311 0.6526491728977845
0.5066895282807761 0.4109457693177833 0.3059453607958994
0.551918993198306 -0.04213533549943632 -0.7566926152296605
0.2930238565360386 -0.2136616024210081 0.4250002393021297
-0.4030719140893873 0.002801948891513535 -0.6133440543922479
-0.006571307113329122 0.1300526573728495 0.3678960458464779
-0.2102024806940405 0.6327134258521553 -0.07460392861783743
0.2895820709498764 0.2102398387895186 0.4268584262050664
-0.2637297338439349 0.5284532867679796 0.0968834282406596
0.2944739484997725 0.8295301344275109 0.05420793210447866
0.6807958444264549 0.579342739256256 -0.3281269893268204
0.7752644083172557 -0.6023279046270072 -0.3041680970599495
-0.2663736660440159 -0.772497493331571 -0.333682699072184
-0.09463054560628684 -0.1277303989621313 -0.7998434821079077
0.5655519095010827 -0.5880636956852434 -0.3153465538195863
0.6026228126470066 -0.7701352572656744 -0.3409763683851805
0.353783564828673 0.1241601426666245 0.8300589249571281
-0.2648275520534195 -0.3793935567205672 -0.3913940606250981
-0.0414028414431607 0.4837659788941316 -0.4825173187973555
-0.4563242815109658 0.09849807456637381 -0.2294895519238436
-0.2183745000184555 0.09498096618861376 -0.5937775721098466
0.1482136434947341 0.685126915419112 -0.5844108321281031
0.298793484652803 0.8071038955038683 -0.4982823275528515
0.2879944387208344 -0.3299476143319395 0.5707207049383459
0.3384026061376338 -0.397063355192304 0.133280759946822
-0.2847170656944283 0.8103329750568506 -0.1677350925542979
-0.2365897168380071 -0.313486745133347 -0.5754777528889756
-0.8144614109684485 -0.2695880371801982 -0.4420733390453513
0.3649710088541442 -0.8265715203687818 0.1602525403352972
0.09784547235169856 0.8212453859202562 -0.1715106261947595
0.7417309830288322 0.7433430237710823 -0.7397044952348879
-0.2719861471283933 -0.5567773894040842 0.06485323428122319
-0.04374046296083215 0.1893478700882296 -0.5452325277853663
0.7832443340329422 -0.04979474293672978 -0.5629959639821239
0.335187989949954 0.2384740193318433 0.1327165664412877
0.4200107081822897 0.06557040552759474 0.4881579026849316
0.04725694869508325 -0.2568437514306025 0.4527090970661485
-0.4870933764089585 -0.2347968083381877 -0.2099635651079625
0.531197058508593 -0.3884311050021552 0.5891762809773856
-0.4541391399923266 -0.3122100012627261 -0.7999677600081557
0.542220076865636 0.2499004064033362 0.7779601832654366
0.7644406543817601 0.336138622250429 0.758265841881848
-0.3997009327328234 0.3646098755538446 0.8242578585114931
0.04253699531239896 0.6295090961247921 0.7775634238458895
0.1192216045381386 -0.3331753018346518 -0.5449038911692146
0.515842381746928 -0.3377739648625826 -0.5235704779292112
-0.3213156487657807 0.3897215951509252 -0.637814145394361
0.1493977601458929 0.1063961573021268 -0.2757414758806233
0.6094359447912614 0.583333333333333 0.3432112956434249
0.1824597022125746 0.5005660508146644 0.3158404934108106
0.5695551662752703 -0.2622826938523021 0.7989637110720866
-0.003506902744664184 -0.7970863215772337 0.4544174926312534
-0.4999152695148774 -0.8017217180752978 -0.3634519961714539
0.8291557738206607 -0.3076585509443858 -0.5213444095586091
0.05981918645443843 0.5293887371184555 -0.001940058538719147
-0.787618190818833 -0.2500146715068426 0.06566530166047373
-0.2547968698229217 0.7938348860631319 0.5481757195707916
-0.002162513954752088 -0.5676691674637899 -0.118864223874795
0.8113843712559082 0.298077354335737 0.5305715711963013
0.5353646719255671 0.125268392408967 0.3019931874661747
0.8125161037261183 -0.008854048575735948 0.277904807818879
-0.7874367280593891 0.167442611472628 0.4245572205166753
0.02883118184945829 0.8024717709913621 0.2203141057081154
-0.6060497769925937 0.0592416971179764 -0.5925644956767337
0.02649913375146124 -0.3453010003263677 -0.8290418915762956
0.3084883527966796 0.6627471325673477 0.4345313898841209
-0.7512367276076468 -0.2044269481699125 0.7717636903687244
-0.4192702075837356 -0.6118841669778384 0.2080965299375073
0.4403685992126902 -0.5511301989593504 0.687548574476313
0.172496379054887 0.08960100688092332 0.3120218653554137
0.573501619921984 -0.3435758273959563 -0.7788075342552703
0.3624970239787705 -0.1989982474806843 0.1599990664535683
0.4505506983914553 0.5963344144116105 0.806400711046145
-0.06869697704640806 0.4246583865119224 0.8149461737125336
-0.8630970399962513 0.6278477043581808 -0.5569367885888835
0.1402611053751238 0.3119837419942762 0.1430270999865506
-0.344497681283128 -0.4887399639799089 0.775260490932293
0.05382695015839917 0.764734677236519 -0.782053816741067
0.3233337012794989 0.3913605847246172 -0.3670469772326639
0.3250758682715108 -0.3605443747411149 -0.104276649551143
-0.4079574903229659 0.1175705127520335 0.5649476001848489
0.3219708443828996 0.3637474013162513 -0.09174737938571229
0.7874581822300748 -0.3708994347122703 0.5939763380017897
0.7903724701185839 -0.2214376143808911 0.7649651541695317
0.3341172588998106 -0.5035746859085584 -0.3730140963979044
-0.3577508997081738 0.3978648008077978 0.1707620793880113
0.4097568571660932 0.5834500827525996 -0.5206597181974557
0.1191179938059031 0.3860283915183471 -0.6089055234567153
-0.2746902705400083 -0.1532483430634495 0.8102416970769837
0.4626069670447422 0.8283218575857618 -0.2670726988617719
0.5030886192994737 0.8126420480779882 -0.4689251163122191
0.806272757546906 -0.2708674816631624 -0.2574889703652737
-0.239658744327182 0.5810638028338292 -0.2500000000000007
-0.6324069984077005 0.2991984187615289 -0.2422934356599073
-0.1156135541046799 0.2868181549097373 -0.09918530980050061
-0.1064916935281439 -0.514719452786961 0.8028448247918568
0.151327663706449 -0.341194234008413 0.1776167228150149
0.05129485616985725 0.3541681960419477 0.3056650761371235
-0.2864688515201577 -0.5334649843531172 0.3503185170890336
0.5963497041140151 -0.2407328076473181 -0.3030372054385398
0.7709507267824275 -0.7379010786115365 0.6239018476052721
-0.06069256216389972 -0.125482856923777 -0.3879037990986889
-0.5006030192493024 -0.3924052441925733 -0.4253804968450675
0.4255224384260363 -0.08976483102592314 0.4511408106063572
-0.5141278335671119 -0.8066498031759149 0.1968386397187118
0.1607833711159107 -0.01219454668988679 -0.1367189546742643
-0.7157454772483128 0.3972782497156805 0.1009297001499596
0.4819894202002488 0.3521519844078723 0.5474115645051519
-0.3670691032156975 0.3929297282670651 -0.8267018430496939
-0.3752183367876756 -0.04270430135320656 0.4375556382626843
-0.06634854324371922 0.3991709772299166 0.5637021892026439
-0.8504184105591865 0.4996283858124223 0.1889928235182806
-0.8445567599671446 0.591824488613335 0.3404916606388617
-0.04860824291471004 0.5777929115022552 -0.1416898890619409
0.2380459199733347 0.2300359287528365 -0.8225832249730152
0.4104019038829709 -0.1720179016305573 -0.2017129528039356
-0.8153475543566148 0.1539391927827242 -0.003736672468135013
0.116527247880628 0.2920150625817896 0.5745298210144498
0.5240577799554625 0.5903289102182647 -0.7748412535914577
0.001771554681737203 -0.4050498532359089 -0.4207274898668067
0.2142159600105123 -0.5602497085527286 0.5285972438533383
-0.3703494391479688 -0.1289600109834862 -0.8035601005490625
-0.3087288227973485 0.4235609983787162 0.3865751690685111
-0.4101835746427103 0.05886568516534679 0.8019519023844393
-0.8084543200869474 0.1134284810013314 -0.5462839758763621
0.3459463701675171 0.5485794662085067 0.1111416190963987
-0.80026930009361 -0.2277622607273039 0.3295074172381271
-0.08480790167421086 0.5684272466028177 0.2566404244438411
-0.8137319208257203 -0.5141141190948849 -0.07368728879726405
0.283405505941693 -0.2347330376741816 0.7321748659005731
-0.8270532037370837 -0.1703118767181865 -0.2738907096668237
-0.549304969688042 -0.1552527684838007 -0.4177673972027992
-0.5429884786092373 0.3134606627971115 0.1350823199222664
-0.8115876294750417 0.524756046398837 0.8366202191455963
-0.5612726593825914 0.3419525269354879 0.8410427580646388
-0.1126136406719371 0.7874702371193896 -0.05180734270183297
-0.1132443715778462 0.4457998575180913 0.09883413438923769
0.4114849149100929 -0.7021137219774547 0.5199446112262532
0.09536683302483667 -0.4509246262880219 0.05102187859529111
-0.003088767518494441 -0.1105907833540864 0.3443979112136348
-0.8506899774373837 0.6595078887586822 0.1019146814505529
-0.7800198759011496 0.8520814037304056 0.4728394035943413
-0.06067409002028704 -0.3979385129739667 -0.1416976624997741
0.1264468866696898 -0.8520724183862017 0.04242966167155145
-0.2935555454257227 0.8178116966379385 0.3238984285852019
-0.5863991621510525 0.3349114750371349 0.5756582635362215
-0.5265256202692234 -0.5726425990705077 0.0387657715518766
$EndNodes
$Elements
1 5592 1 5592
3 100 4 5592
1 1006 1056 1013 1091 
2 971 1114 1015 1138 
3 986 1015 1114 1138 
4 1006 1056 1091 1279 
5 173 1119 994 1150 
6 399 976 1065 1173 
7 1013 1038 331 1250 
8 244 858 863 859 
9 971 1012 1111 1193 
10 338 1108 644 1168 
11 999 237 1095 1315 
12 963 1208 1060 1300 
13 257 1056 1006 1168 
14 445 1060 1041 1204 
15 391 1054 1021 1290 
16 894 893 1116 1355 
17 1004 1029 975 1175 
18 987 926 1039 1119 
19 994 1119 1034 1150 
20 652 676 1187 1249 
21 1071 980 1178 1234 
22 1016 994 1119 1361 
23 152 758 153 1098 
24 971 1087 1015 1182 
25 391 976 1054 1065 
26 1041 1060 445 1155 
27 1015 1087 971 1138 
28 272 1178 1078 1234 
29 715 1081 1041 1255 
30 168 1077 1344 1349 
31 1013 1091 1056 1360 
32 344 1062 1019 1093 
33 173 1016 994 1119 
34 967 1045 1130 1148 
35 1076 1123 632 1248 
36 162 1088 1011 1128 
37 485 1088 1159 1174 
38 1061 1178 1001 1326 
39 963 1060 1208 1309 
40 281 1001 274 1178 
41 271 276 150 1154 
42 1034 1119 994 1361 
43 1059 1239 979 1259 
44 813 1010 802 1097 
45 1065 1273 976 1342 
46 715 1069 1041 1081 
47 926 987 1039 1219 
48 793 1084 1300 1303 
49 971 1114 1012 1193 
50 1055 1059 979 1259 
51 1029 975 1086 1344 
52 237 1165 1136 1315 
53 391 1065 1054 1290 
54 926 1142 987 1219 
55 1006 1096 781 1108 
56 317 995 1061 1071 
57 936 958 954 1102 
58 167 1230 1115 1349 
59 1010 963 1084 1158 
60 632 1076 618 1286 
61 399 976 391 1065 
62 1028 1223 157 1281 
63 1017 979 1239 1259 
64 1005 1107 1014 1133 
65 781 1096 819 1108 
66 983 1023 966 1072 
67 780 1066 1013 1250 
68 999 1165 237 1315 
69 1078 1178 980 1234 
70 1045 1293 1148 1318 
71 1015 1114 971 1182 
72 780 1013 1066 1091 
73 781 828 1006 1108 
74 344 1019 1062 1264 
75 779 1000 755 1031 
76 1130 1148 1045 1293 
77 1005 974 1107 1133 
78 1063 1088 485 1174 
79 976 1054 1290 1342 
80 163 162 1011 1128 
81 983 1072 1152 1156 
82 1023 1223 1028 1281 
83 1106 1126 1052 1307 
84 1034 1148 945 1225 
85 1077 1086 975 1344 
86 281 1001 1178 1326 
87 632 1123 1076 1286 
88 994 1046 976 1222 
89 528 1080 1040 1177 
90 861 912 905 218 
91 586 516 1139 1231 
92 945 1034 1225 1258 
93 470 1057 1041 1224 
94 168 1230 167 1349 
95 1028 157 1195 1281 
96 972 1005 1014 1257 
97 971 1114 1193 1208 
98 921 879 561 896 
99 1136 1165 1030 1315 
100 1002 1208 1060 1309 
101 999 1095 237 1338 
102 1056 1091 1279 1360 
103 979 1059 1103 1248 
104 445 1041 491 1204 
105 948 1093 950 1216 
106 168 1344 1029 1349 
107 839 877 1052 1307 
108 1006 1091 973 1279 
109 971 1111 1081 1193 
110 948 954 347 1216 
111 755 1031 1000 1130 
112 728 1033 1028 1280 
113 781 1091 1006 1210 
114 802 1010 792 1121 
115 979 1248 1103 1323 
116 16 1141 1055 1220 
117 998 1105 1050 1212 
118 994 1073 1034 1258 
119 276 1043 150 1154 
120 886 908 899 1296 
121 1212 1219 1106 1354 
122 978 1159 1088 1174 
123 1013 1056 1160 1360 
124 1005 1133 1014 1257 
125 981 1069 746 1232 
126 1005 1023 972 1281 
127 257 1210 1006 1365 
128 1012 773 1111 1193 
129 281 1178 1061 1326 
130 1010 1084 1080 1158 
131 1054 1245 1021 1342 
132 1060 1208 1007 1300 
133 15 1146 1151 1153 
134 722 788 787 1232 
135 1010 1084 802 1097 
136 257 1006 1056 1365 
137 163 1011 162 1177 
138 1132 1159 428 1330 
139 965 994 1073 1318 
140 958 936 1054 1102 
141 1041 1060 1007 1204 
142 168 1029 1230 1349 
143 1017 1239 1059 1259 
144 781 1013 780 1091 
145 331 1038 1013 1117 
146 977 1080 1010 1084 
147 1008 1036 923 1289 
148 1028 1082 1023 1281 
149 1050 1004 1212 1354 
150 152 153 1037 1098 
151 1054 1065 976 1290 
152 992 1240 1128 1314 
153 985 1046 994 1222 
154 965 1066 988 1073 
155 992 1070 1035 1240 
156 168 1042 1077 1349 
157 972 1014 1122 1257 
158 274 1117 1001 1273 
159 1002 971 1155 1208 
160 895 1140 1144 1367 
161 491 1041 445 1155 
162 978 1088 1063 1174 
163 971 1193 1007 1208 
164 977 1084 1010 1097 
165 996 971 1087 1267 
166 979 1059 1055 1103 
167 1046 1143 1001 1273 
168 990 1072 1025 1339 
169 1066 1073 965 1342 
170 975 1029 1004 1344 
171 790 793 1300 1303 
172 1054 1021 1290 1342 
173 1000 1031 779 1124 
174 863 859 905 220 
175 960 948 17 350 
176 757 1108 322 1210 
177 1004 1219 1212 1354 
178 15 1151 1047 1153 
179 146 644 1108 1168 
180 266 1001 1117 1178 
181 986 1012 1111 1114 
182 1008 1289 923 1320 
183 1015 1182 1087 1209 
184 978 1035 1070 1240 
185 944 945 1034 1148 
186 1010 1080 963 1158 
187 1004 975 1142 1175 
188 146 1108 1006 1168 
189 712 1041 1057 1255 
190 986 1101 1027 1337 
191 1062 1162 975 1188 
192 338 267 1108 1168 
193 446 1063 1060 1067 
194 969 1053 988 1225 
195 1034 1073 994 1318 
196 759 1023 1256 1281 
197 1115 1230 1003 1349 
198 966 1033 1028 1270 
199 875 1140 1064 1334 
200 983 1156 1152 1271 
201 257 260 1056 1168 
202 986 1027 1111 1337 
203 403 1021 391 1054 
204 941 949 1093 1339 
205 1055 1141 16 1259 
206 988 1066 969 1073 
207 1081 1111 773 1193 
208 790 1300 1193 1303 
209 15 970 1047 1151 
210 1002 1155 1007 1208 
211 850 873 1019 1188 
212 1010 1080 977 1097 
213 15 1146 970 1151 
214 1031 1197 988 1293 
215 607 1092 1163 1324 
216 274 266 1001 1117 
217 1004 1050 998 1354 
218 693 1081 715 1255 
219 1055 1059 964 1103 
220 966 1023 983 1223 
221 608 607 1163 1324 
222 944 1034 945 1361 
223 954 958 357 1102 
224 1019 1162 1062 1188 
225 1065 1173 976 1273 
226 141 142 596 1163 
227 797 1256 983 1347 
228 550 1022 1044 1265 
229 986 1012 1101 1337 
230 819 1108 1096 1236 
231 1028 1094 1033 1211 
232 142 1161 596 1163 
233 983 1072 966 1152 
234 986 1111 1012 1337 
235 1006 1108 267 1168 
236 964 997 1035 1226 
237 534 908 919 864 
238 586 1139 1090 1284 
239 1060 1204 445 1340 
240 802 792 789 1121 
241 1087 452 1182 1224 
242 237 1165 999 1338 
243 941 1093 990 1339 
244 1099 1128 1035 1268 
245 1035 1103 982 1241 
246 1035 1070 992 1170 
247 1034 1119 1051 1150 
248 504 1063 446 1067 
249 781 1006 1091 1096 
250 281 274 1001 1143 
251 1103 1248 984 1323 
252 439 1132 428 1330 
253 988 1225 1034 1258 
254 1007 1155 971 1208 
255 1123 1235 1076 1286 
256 969 1225 988 1245 
257 977 1080 1084 1158 
258 877 1106 1052 1307 
259 715 693 1069 1081 
260 964 1059 1055 1353 
261 162 842 163 1177 
262 1099 1035 1221 1268 
263 399 1065 341 1173 
264 978 1070 1035 1254 
265 689 811 763 589 
266 167 1115 1042 1349 
267 896 894 906 1355 
268 839 1106 877 1307 
269 1023 1223 759 1256 
270 516 586 562 1231 
271 1051 1119 173 1150 
272 996 1087 1057 1267 
273 983 1256 1024 1347 
274 236 1113 1064 1116 
275 779 755 1000 1130 
276 972 1014 1005 1107 
277 979 1017 1141 1259 
278 987 926 1119 1142 
279 528 1011 1080 1177 
280 944 959 945 1148 
281 1090 1139 991 1284 
282 979 1141 1055 1259 
283 1096 1236 1108 1306 
284 146 1006 145 1168 
285 1060 1063 478 1336 
286 893 226 875 1064 
287 954 398 17 948 
288 274 1001 266 1178 
289 1010 1244 1097 1311 
290 781 1013 1091 1210 
291 971 1081 1007 1193 
292 340 914 1166 1264 
293 1040 1080 528 1251 
294 797 983 1089 1347 
295 1023 1028 972 1082 
296 1035 1128 992 1240 
297 828 1006 1108 1210 
298 295 1173 1065 1273 
299 850 1188 1019 1264 
300 1131 1187 676 1249 
301 966 1152 1072 1217 
302 813 792 802 1010 
303 664 678 438 631 
304 331 1117 1013 1365 
305 1023 1082 972 1281 
306 948 941 1093 1169 
307 146 1006 1108 1306 
308 553 1205 1033 1294 
309 312 1071 1178 1234 
310 1011 1128 1240 1314 
311 470 712 1041 1057 
312 990 1152 1072 1339 
313 1019 1077 873 1166 
314 391 976 364 1054 
315 340 1166 343 1264 
316 968 1090 1022 1152 
317 168 167 1042 1349 
318 1005 972 1082 1281 
319 1007 1060 1002 1208 
320 965 1013 1160 1360 
321 971 1002 1114 1208 
322 317 1061 995 1191 
323 479 1132 997 1159 
324 1007 1060 1041 1155 
325 1092 989 1163 1324 
326 444 1088 1063 1129 
327 873 1077 1019 1188 
328 997 1221 1035 1268 
329 509 905 900 884 
330 991 1112 1271 1349 
331 873 850 1019 1166 
332 817 1069 693 1081 
333 1031 1197 155 1281 
334 758 153 1098 1100 
335 965 1038 1013 1066 
336 745 1028 1033 1211 
337 802 1084 1010 1121 
338 781 816 828 1108 
339 994 1016 173 1171 
340 981 1007 1060 1204 
341 1028 1195 1082 1281 
342 840 1128 1099 1268 
343 976 1290 1065 1342 
344 1019 975 1162 1188 
345 1029 1086 975 1175 
346 1052 1106 982 1126 
347 596 1161 1017 1163 
348 978 1128 1035 1240 
349 966 983 1152 1271 
350 948 1093 347 1169 
351 1092 1131 989 1324 
352 816 781 819 1108 
353 485 1088 427 1159 
354 607 1131 1092 1324 
355 981 746 1074 1232 
356 1087 1182 452 1209 
357 1006 146 1203 1306 
358 818 763 811 589 
359 895 1144 1140 1354 
360 797 1024 1256 1347 
361 172 16 1055 1220 
362 936 938 935 1222 
363 592 751 422 1033 
364 979 1076 1248 1323 
365 976 1046 994 1120 
366 966 1072 1025 1217 
367 244 858 859 1136 
368 344 1019 345 1093 
369 987 1142 1126 1219 
370 1031 1053 988 1197 
371 1022 990 1152 1265 
372 1088 1128 978 1240 
373 281 1143 1001 1326 
374 1096 1108 1006 1306 
375 984 1103 1059 1248 
376 817 791 693 1069 
377 886 1172 885 1296 
378 977 1084 1024 1135 
379 281 274 270 1178 
380 1051 1201 1034 1318 
381 1006 1091 1013 1210 
382 982 1103 1035 1218 
383 168 1042 169 1077 
384 755 1031 155 1281 
385 1076 984 1248 1323 
386 1059 1248 1261 1343 
387 959 945 1148 1225 
388 344 346 1062 1093 
389 861 240 859 1136 
390 1124 1256 1023 1281 
391 923 1036 1008 1153 
392 478 1060 446 1063 
393 967 1034 1201 1318 
394 382 1183 1008 1214 
395 988 1197 1149 1293 
396 344 1264 1062 1345 
397 162 1129 842 1177 
398 1117 1178 1056 1365 
399 1040 1080 1011 1177 
400 839 1052 1230 1307 
401 802 1097 1084 1164 
402 988 1148 1034 1225 
403 1102 1222 1054 1317 
404 517 1127 1022 1265 
405 985 976 1046 1222 
406 1004 1029 1307 1344 
407 983 1223 1023 1256 
408 145 1006 146 1203 
409 173 1171 1016 1331 
410 984 1248 1059 1343 
411 1007 1069 821 1081 
412 606 614 1118 1267 
413 975 1004 1144 1344 
414 943 948 960 1169 
415 954 17 398 958 
416 558 1252 1067 1340 
417 606 1109 996 1118 
418 237 1136 1095 1315 
419 329 1143 1046 1273 
420 1134 1191 995 1350 
421 257 1006 267 1168 
422 428 1132 479 1159 
423 1006 973 1091 1096 
424 524 1205 553 1294 
425 265 1078 272 1178 
426 986 1085 1012 1114 
427 592 422 389 1033 
428 991 1271 1090 1349 
429 779 1130 1000 1196 
430 779 1196 1000 1256 
431 817 686 803 1184 
432 941 990 1093 1169 
433 986 1111 1027 1138 
434 971 996 1087 1224 
435 1053 1225 969 1245 
436 271 278 276 1154 
437 399 391 341 1065 
438 998 931 1105 1212 
439 1012 1130 1101 1337 
440 347 1093 948 1216 
441 217 898 886 1172 
442 965 1073 988 1318 
443 1071 995 1163 1274 
444 821 1007 1081 1193 
445 966 1089 983 1271 
446 972 1023 1005 1257 
447 797 1256 1024 1303 
448 927 923 1036 1289 
449 971 1041 1007 1081 
450 927 1036 923 1153 
451 840 1099 1221 1268 
452 1063 1174 478 1336 
453 608 1131 607 1324 
454 281 270 1061 1178 
455 172 1141 16 1220 
456 770 1101 1045 1130 
457 964 1103 1035 1241 
458 790 1121 1193 1300 
459 1143 1183 304 1214 
460 779 1124 1031 1281 
461 1008 1143 1289 1320 
462 223 870 868 514 
463 1113 1151 970 1345 
464 1097 1244 522 1311 
465 1059 979 1239 1248 
466 403 391 1021 1290 
467 579 842 1129 1177 
468 1155 1182 452 1224 
469 1130 1185 1000 1196 
470 987 1126 1039 1219 
471 586 562 1231 1284 
472 988 1148 1293 1318 
473 1038 1273 1065 1342 
474 1076 1235 1015 1286 
475 1072 1152 990 1217 
476 1028 1033 966 1125 
477 792 1074 1010 1311 
478 1103 1218 982 1241 
479 772 1012 773 1111 
480 185 1212 1075 1338 
481 832 1164 1084 1303 
482 988 1225 1073 1245 
483 1076 984 1235 1248 
484 1028 1033 1094 1270 
485 1004 1126 1029 1175 
486 893 876 243 896 
487 382 1008 1183 1199 
488 1076 1235 1123 1248 
489 1015 1138 986 1266 
490 343 1166 1019 1264 
491 969 988 1073 1245 
492 1024 1135 1084 1303 
493 266 1178 1117 1365 
494 1038 1066 965 1342 
495 892 1140 895 1367 
496 1045 1101 770 1301 
497 693 817 1081 1184 
498 267 322 1108 1210 
499 1012 1114 1085 1269 
500 1004 1106 1219 1354 
501 236 1064 1113 1283 
502 847 898 505 1172 
503 1005 1197 1031 1281 
504 965 988 1066 1318 
505 967 1201 1045 1318 
506 779 1031 755 1281 
507 828 1108 757 1210 
508 966 983 1089 1223 
509 991 1003 1112 1349 
510 962 1083 1058 1135 
511 930 1179 999 1241 
512 797 1089 983 1223 
513 779 771 1130 1196 
514 728 1263 1033 1280 
515 964 1035 1103 1226 
516 1103 1226 1035 1242 
517 954 347 398 948 
518 185 232 1075 1212 
519 294 1065 1038 1273 
520 1044 1205 524 1294 
521 898 899 217 886 
522 1011 1177 1128 1314 
523 1061 1071 980 1178 
524 1063 1309 1174 1336 
525 1014 1133 175 1257 
526 479 997 1137 1159 
527 1056 1279 1160 1360 
528 847 886 898 1172 
529 828 781 1006 1210 
530 15 1047 970 1331 
531 1030 1165 964 1241 
532 893 875 226 1334 
533 1002 971 1114 1182 
534 444 485 1063 1088 
535 606 1233 1118 1236 
536 1034 944 1148 1361 
537 185 190 1212 1338 
538 1027 1147 1096 1301 
539 962 1024 1083 1135 
540 155 1031 755 1197 
541 1011 1088 162 1129 
542 606 1118 996 1267 
543 295 293 1065 1173 
544 369 1014 1107 1272 
545 968 1086 1029 1175 
546 15 923 1146 1153 
547 805 1196 779 1256 
548 965 1066 1013 1091 
549 1116 1356 1009 1367 
550 275 1117 274 1273 
551 1011 1128 1088 1240 
552 1117 1120 965 1150 
553 1004 1126 1106 1307 
554 549 1044 1090 1287 
555 1057 1087 996 1224 
556 570 1090 586 1139 
557 678 664 438 1057 
558 1007 1041 971 1155 
559 832 802 1084 1164 
560 1034 1150 1051 1318 
561 1008 1143 1036 1289 
562 1101 1130 1012 1327 
563 954 398 357 958 
564 147 1108 1236 1306 
565 1023 1124 983 1256 
566 966 1205 1033 1270 
567 1045 1130 1101 1201 
568 485 1159 429 1174 
569 146 145 644 1168 
570 1052 1307 1126 1358 
571 911 560 899 882 
572 731 981 746 1074 
573 770 1101 1130 1337 
574 606 996 633 1267 
575 274 282 329 1143 
576 428 439 479 1132 
577 875 893 876 1334 
578 232 1075 1212 1277 
579 1023 1072 983 1229 
580 561 200 896 906 
581 235 1153 1176 1348 
582 964 1221 997 1285 
583 610 1059 1248 1261 
584 988 1034 1073 1258 
585 1011 1080 1040 1158 
586 988 969 1066 1149 
587 1126 1142 987 1175 
588 1055 1141 979 1220 
589 609 1059 610 1261 
590 879 561 896 906 
591 172 173 1051 1119 
592 958 1054 357 1102 
593 811 722 787 1232 
594 839 1052 877 1230 
595 798 762 1139 1347 
596 1013 1210 828 1250 
597 1106 1212 999 1219 
598 192 1036 259 1191 
599 990 1169 941 1339 
600 1025 1072 990 1217 
601 1053 1149 988 1197 
602 522 1097 1080 1244 
603 892 895 1144 1367 
604 1037 1098 153 1100 
605 1165 1241 1030 1315 
606 504 478 446 1063 
607 988 1053 969 1149 
608 989 1131 1092 1249 
609 267 1108 1006 1210 
610 811 1074 722 1232 
611 967 1034 1051 1201 
612 606 148 1233 1236 
613 344 343 345 1019 
614 550 1044 548 1265 
615 1040 1177 1011 1314 
616 966 1025 1125 1217 
617 467 1041 714 1204 
618 1252 1312 1067 1340 
619 609 1131 1059 1261 
620 965 1013 1117 1160 
621 278 1043 276 1154 
622 437 1060 478 1336 
623 299 1046 329 1143 
624 948 350 960 1169 
625 1027 1101 1147 1301 
626 217 505 898 1172 
627 1019 1062 1009 1188 
628 1005 1082 972 1202 
629 1015 986 1114 1180 
630 1022 990 1166 1332 
631 797 1223 983 1256 
632 963 1300 1060 1308 
633 1063 1060 1309 1336 
634 1008 1183 1143 1214 
635 515 1040 528 1251 
636 998 1113 1047 1302 
637 1022 1042 968 1077 
638 1092 1131 607 1249 
639 1012 1196 1130 1337 
640 1049 1180 1002 1254 
641 1090 1271 968 1349 
642 828 781 1013 1250 
643 633 996 606 1275 
644 1123 1261 1248 1343 
645 15 1146 173 1171 
646 526 160 531 1048 
647 260 1078 1056 1168 
648 302 640 598 1237 
649 967 1039 987 1185 
650 1034 967 1051 1119 
651 817 821 1069 1081 
652 1013 1038 965 1117 
653 931 1004 998 1142 
654 746 981 716 1069 
655 999 1212 1106 1354 
656 1086 1162 1145 1227 
657 1089 1139 762 1347 
658 964 1103 1059 1226 
659 770 1301 1101 1337 
660 1014 1133 974 1272 
661 994 173 1150 1320 
662 771 1130 1196 1337 
663 813 1097 802 1164 
664 593 522 1080 1244 
665 969 1043 1037 1260 
666 1086 1145 975 1227 
667 973 1203 1006 1279 
668 190 1050 1105 1338 
669 430 1049 429 1159 
670 382 280 1183 1214 
671 393 413 248 1183 
672 864 566 187 863 
673 190 1105 1212 1338 
674 978 1242 1035 1268 
675 994 173 1146 1171 
676 956 175 176 1192 
677 961 1208 1114 1254 
678 986 1085 1114 1323 
679 759 1223 1023 1281 
680 930 1055 1179 1241 
681 1118 1236 1096 1306 
682 272 312 1178 1234 
683 975 1144 1142 1302 
684 383 1107 1014 1262 
685 1002 1180 1114 1254 
686 921 896 561 1363 
687 550 1044 1022 1090 
688 283 1078 647 1234 
689 999 1241 1165 1315 
690 949 1162 1093 1339 
691 1022 1090 1044 1152 
692 1149 1197 769 1293 
693 988 1073 1225 1258 
694 797 832 1303 1347 
695 961 1114 1085 1323 
696 364 1054 976 1317 
697 542 1048 1094 1205 
698 1080 1097 1010 1244 
699 652 607 676 1249 
700 1083 1135 1024 1303 
701 967 987 1039 1119 
702 782 1096 1118 1236 
703 288 1061 312 1071 
704 895 1140 862 1354 
705 1056 1006 1168 1203 
706 870 223 868 1334 
707 1011 1129 162 1177 
708 429 1159 1049 1174 
709 975 1062 1188 1302 
710 192 207 1036 1191 
711 1022 1042 584 1090 
712 467 470 1041 1224 
713 965 1051 1150 1318 
714 294 295 1065 1273 
715 1030 1136 191 1165 
716 965 1091 1013 1360 
717 964 1165 1179 1241 
718 1055 1218 1103 1241 
719 988 1073 1034 1318 
720 170 873 1077 1166 
721 996 1109 606 1275 
722 1073 1120 965 1342 
723 967 1185 1130 1196 
724 993 1058 1083 1135 
725 592 573 751 1033 
726 828 1013 781 1210 
727 1005 155 1281 1282 
728 972 1122 1023 1257 
729 973 1096 1147 1301 
730 1094 1211 1028 1270 
731 968 1022 1077 1332 
732 997 1035 1226 1242 
733 993 1135 1070 1170 
734 998 1144 1140 1367 
735 1022 1152 1044 1265 
736 312 1071 1061 1178 
737 930 999 1219 1241 
738 780 1091 1066 1246 
739 176 17 958 368 
740 147 146 1108 1306 
741 1142 1175 975 1227 
742 949 946 1162 1227 
743 966 1025 1072 1329 
744 972 1262 1107 1263 
745 488 1087 452 1209 
746 331 1038 296 1250 
747 558 1067 462 1340 
748 1002 1114 1180 1182 
749 1019 1077 975 1188 
750 1030 1099 964 1221 
751 341 1065 293 1173 
752 1004 1307 1144 1344 
753 799 761 698 1195 
754 745 1028 728 1033 
755 1014 1107 974 1133 
756 345 1093 1019 1295 
757 1113 1116 1009 1367 
758 955 1133 956 1245 
759 1025 1169 990 1339 
760 978 1159 1242 1268 
761 885 1172 1167 1296 
762 991 1112 1003 1276 
763 1034 1258 945 1361 
764 1008 923 1146 1320 
765 563 1067 1252 1312 
766 563 1067 558 1252 
767 488 452 1182 1209 
768 967 987 1104 1185 
769 792 837 1074 1311 
770 821 1081 773 1193 
771 996 1224 971 1255 
772 1004 1029 1126 1307 
773 949 1162 1086 1227 
774 302 598 1108 1237 
775 961 1070 1208 1254 
776 150 1043 151 1154 
777 962 1175 987 1185 
778 172 1051 173 1150 
779 226 1116 893 1355 
780 859 863 244 220 
781 611 612 1187 1261 
782 717 1069 788 1232 
783 1123 1235 984 1248 
784 938 1171 935 1222 
785 445 491 460 1204 
786 267 1006 257 1210 
787 986 1012 1085 1101 
788 1056 1168 1078 1203 
789 237 191 1136 1165 
790 1101 1130 967 1201 
791 1126 1307 1029 1358 
792 967 1104 987 1119 
793 861 859 860 1136 
794 606 1109 1118 1233 
795 1058 1126 1039 1185 
796 996 971 1081 1255 
797 967 1130 1101 1327 
798 790 821 1007 1069 
799 444 1063 493 1129 
800 274 275 266 1117 
801 612 658 611 1187 
802 974 1107 1014 1272 
803 967 1000 1104 1148 
804 553 1033 389 1294 
805 1005 972 1107 1202 
806 382 1183 393 1199 
807 864 863 187 1296 
808 970 1113 1047 1151 
809 946 1145 1162 1227 
810 170 1077 169 1278 
811 973 1147 1101 1301 
812 802 789 1084 1121 
813 155 1005 1197 1282 
814 1009 1116 1113 1356 
815 842 881 579 1129 
816 1139 1164 827 1347 
817 534 908 899 882 
818 930 999 1179 1212 
819 739 693 791 1069 
820 716 1069 981 1204 
821 1047 1105 15 1348 
822 955 956 937 1245 
823 942 947 953 1122 
824 962 1126 987 1175 
825 956 1133 175 1192 
826 1041 1224 1057 1255 
827 1077 1086 968 1332 
828 983 1024 1271 1347 
829 467 470 712 1041 
830 993 1135 1084 1158 
831 745 1033 1094 1211 
832 773 772 771 1012 
833 317 1061 288 1071 
834 772 1111 803 1321 
835 1035 1128 1099 1198 
836 169 1077 1042 1278 
837 1047 203 1113 1283 
838 931 1212 1004 1219 
839 366 1125 1033 1263 
840 1059 1259 1055 1353 
841 1052 1106 877 1198 
842 991 1003 1110 1276 
843 172 1055 1039 1220 
844 987 1039 1126 1185 
845 391 399 364 976 
846 905 912 509 218 
847 968 1086 1175 1319 
848 975 1145 1086 1162 
849 1047 1105 998 1331 
850 949 946 957 1162 
851 1002 1180 1049 1182 
852 964 1035 1099 1241 
853 1084 1164 1024 1303 
854 343 1019 344 1264 
855 1064 1116 1113 1367 
856 314 257 267 1168 
857 15 1171 173 1331 
858 858 885 1167 1296 
859 1056 1117 1013 1160 
860 569 1080 522 1097 
861 1008 1146 923 1153 
862 153 1149 1037 1197 
863 159 798 762 1048 
864 970 1047 1113 1302 
865 208 235 1153 1176 
866 309 1143 1036 1183 
867 593 522 569 1080 
868 1004 1142 1126 1175 
869 1015 1180 1114 1182 
870 991 1090 1284 1349 
871 790 1121 1007 1193 
872 533 1048 542 1205 
873 1045 967 1130 1201 
874 962 1126 1058 1185 
875 946 1145 957 1162 
876 509 912 905 884 
877 1085 1114 961 1269 
878 936 1102 938 1222 
879 1000 1124 779 1256 
880 150 1043 276 1189 
881 1005 974 1133 1325 
882 288 1061 317 1191 
883 918 518 459 498 
884 244 863 858 1296 
885 368 176 17 960 
886 413 393 382 1183 
887 700 467 714 1204 
888 983 1000 1124 1291 
889 979 1218 1055 1220 
890 899 908 534 229 
891 996 1057 633 1267 
892 282 299 329 1143 
893 1070 1158 993 1300 
894 369 1272 1107 1305 
895 797 1303 1024 1347 
896 886 899 217 1296 
897 1008 1151 1146 1153 
898 993 1170 1070 1269 
899 863 566 187 905 
900 779 1256 1124 1281 
901 962 987 1126 1185 
902 975 1019 1162 1332 
903 981 1074 731 1252 
904 1059 1261 1020 1343 
905 467 712 714 1041 
906 382 1008 381 1214 
907 232 1212 1105 1277 
908 1078 1056 1203 1279 
909 511 1231 1110 1251 
910 942 1025 1072 1339 
911 1093 1162 990 1339 
912 299 329 1046 1273 
913 991 1284 1003 1349 
914 828 766 781 1250 
915 909 1132 855 1172 
916 185 190 232 1212 
917 758 1098 729 1100 
918 237 189 1165 1338 
919 599 1236 1118 1306 
920 1063 1088 1011 1129 
921 1245 1290 1021 1342 
922 1016 1119 926 1142 
923 975 1188 1144 1302 
924 528 1011 541 1080 
925 607 1131 676 1249 
926 392 1127 517 1265 
927 972 1263 1107 1280 
928 435 1182 1049 1235 
929 633 1057 996 1275 
930 1001 1120 1117 1150 
931 780 812 1091 1246 
932 1005 1107 974 1202 
933 438 631 678 1057 
934 993 1058 1135 1170 
935 1068 1187 1131 1249 
936 1134 1163 995 1274 
937 1114 1208 1002 1254 
938 235 1176 1277 1348 
939 975 1086 1077 1332 
940 984 1059 1103 1226 
941 1017 596 1163 1324 
942 827 1164 1139 1231 
943 875 1064 226 1334 
944 140 1163 1134 1274 
945 1042 1115 1003 1349 
946 722 717 788 1232 
947 145 1168 1006 1203 
948 723 1304 1026 1305 
949 805 1193 1196 1303 
950 873 170 850 1166 
951 15 970 1146 1331 
952 870 871 868 514 
953 792 1010 1074 1232 
954 393 248 199 1183 
955 1042 1115 529 1284 
956 1039 1058 967 1085 
957 971 1002 1155 1182 
958 562 1110 1231 1284 
959 345 1019 343 1295 
960 1012 1111 772 1337 
961 1029 1175 1126 1358 
962 1098 1304 1026 1322 
963 790 1007 821 1193 
964 782 1096 1027 1118 
965 606 633 614 1267 
966 485 427 429 1159 
967 990 1295 1166 1332 
968 226 1064 893 1116 
969 1027 1118 1096 1306 
970 227 1153 235 1348 
971 1014 1107 972 1262 
972 1130 1196 1012 1327 
973 1105 1212 925 1277 
974 389 553 592 1033 
975 548 374 517 1265 
976 283 273 647 1078 
977 1005 155 1197 1281 
978 994 1046 985 1146 
979 1056 1078 265 1178 
980 909 847 1132 1172 
981 833 271 150 1154 
982 971 1111 1012 1114 
983 632 620 648 1123 
984 1007 1060 1300 1308 
985 845 883 525 1115 
986 1068 1165 964 1285 
987 975 1175 1086 1227 
988 479 997 1132 1190 
989 738 1107 1263 1280 
990 190 1105 232 1212 
991 1087 1138 1015 1209 
992 531 1048 160 1094 
993 1156 1229 951 1291 
994 1032 1156 951 1291 
995 1030 964 1165 1285 
996 570 586 551 1139 
997 798 1139 827 1347 
998 1010 1084 963 1300 
999 973 1096 1006 1203 
1000 1051 1119 967 1220 
1001 1004 998 1144 1354 
1002 1047 1105 203 1283 
1003 993 1158 1084 1300 
1004 488 1182 1015 1209 
1005 1024 991 1271 1347 
1006 493 1129 1063 1299 
1007 1079 1161 1141 1239 
1008 998 1047 1113 1283 
1009 1050 1212 1105 1338 
1010 799 697 698 761 
1011 930 1219 1055 1241 
1012 774 1027 782 1301 
1013 1068 197 1187 1249 
1014 969 1073 1066 1342 
1015 803 1111 1081 1321 
1016 922 1141 1051 1253 
1017 930 1179 1075 1212 
1018 431 1049 435 1182 
1019 160 526 836 1048 
1020 208 1153 1036 1176 
1021 219 861 912 1362 
1022 908 229 899 1296 
1023 926 1004 1142 1219 
1024 984 1123 1248 1343 
1025 904 594 912 869 
1026 967 1185 1196 1327 
1027 1101 1201 967 1327 
1028 1014 1192 1133 1272 
1029 759 157 1223 1281 
1030 241 219 917 1095 
1031 984 1059 1020 1343 
1032 553 573 592 1033 
1033 976 1245 1054 1342 
1034 1076 1180 986 1266 
1035 962 1032 1175 1185 
1036 1083 1269 1196 1327 
1037 861 1095 240 1136 
1038 383 1107 1262 1263 
1039 641 1161 642 1239 
1040 1005 1197 974 1325 
1041 938 1102 1171 1222 
1042 1002 1060 1007 1155 
1043 966 1048 1205 1270 
1044 840 1221 854 1268 
1045 842 162 881 1129 
1046 772 771 1012 1337 
1047 889 1106 1099 1198 
1048 1026 1098 1037 1304 
1049 1070 1170 1035 1254 
1050 983 1124 1229 1291 
1051 1009 1062 1019 1264 
1052 746 731 716 981 
1053 967 1130 1000 1148 
1054 938 1171 1102 1215 
1055 858 1167 1136 1296 
1056 792 1010 813 1311 
1057 423 1044 524 1294 
1058 1037 1053 974 1197 
1059 1017 1161 1071 1163 
1060 190 1050 196 1105 
1061 972 1107 1082 1280 
1062 257 1056 258 1365 
1063 997 1242 1159 1268 
1064 962 1276 1135 1358 
1065 942 1169 1025 1339 
1066 1055 982 1218 1241 
1067 295 293 294 1065 
1068 1007 981 1069 1204 
1069 975 1077 1019 1332 
1070 1041 1069 1007 1081 
1071 642 1161 1079 1239 
1072 1039 982 1126 1316 
1073 792 1121 1010 1232 
1074 430 1137 1049 1159 
1075 989 1075 1200 1259 
1076 982 1106 1052 1198 
1077 856 857 1030 1099 
1078 15 1047 931 1105 
1079 1083 1000 1185 1196 
1080 859 861 220 240 
1081 1046 1143 299 1214 
1082 589 689 811 1074 
1083 976 1273 1120 1342 
1084 521 529 1115 1284 
1085 1024 991 1112 1271 
1086 1059 1131 1020 1261 
1087 652 228 238 1249 
1088 817 693 686 1184 
1089 141 1163 140 1274 
1090 175 1122 1014 1257 
1091 968 1042 1022 1090 
1092 906 588 848 910 
1093 981 1060 1007 1308 
1094 344 345 346 1093 
1095 1007 1069 1041 1204 
1096 575 178 868 223 
1097 965 1066 1091 1246 
1098 647 1078 273 1168 
1099 1007 1193 1121 1300 
1100 922 1051 1150 1253 
1101 338 314 267 1168 
1102 381 1214 1008 1298 
1103 1020 1059 984 1226 
1104 232 185 1075 1277 
1105 512 1231 511 1251 
1106 997 1159 1132 1330 
1107 519 462 558 1067 
1108 1035 992 1128 1198 
1109 991 1231 1110 1284 
1110 782 819 1096 1236 
1111 1070 1135 993 1158 
1112 280 333 413 1183 
1113 342 340 343 1264 
1114 167 1042 1115 1366 
1115 693 1184 1081 1255 
1116 912 861 219 218 
1117 686 691 817 803 
1118 996 1111 971 1267 
1119 1005 1281 1082 1282 
1120 1204 1252 486 1340 
1121 931 1105 1047 1331 
1122 1017 1161 596 1239 
1123 1079 1141 979 1239 
1124 1011 541 1080 1243 
1125 369 416 1272 1305 
1126 791 817 821 1069 
1127 1024 1084 977 1164 
1128 267 255 322 1210 
1129 1024 977 1135 1276 
1130 975 1145 1142 1227 
1131 1099 1106 889 1315 
1132 850 907 874 1356 
1133 548 1044 374 1265 
1134 163 1128 1011 1177 
1135 517 374 392 1265 
1136 967 1104 1034 1148 
1137 1038 965 1120 1342 
1138 933 951 1229 1291 
1139 770 1130 771 1337 
1140 331 307 1117 1365 
1141 840 1099 1128 1198 
1142 994 1146 173 1320 
1143 1022 1166 1077 1332 
1144 905 187 863 220 
1145 1039 1218 982 1316 
1146 1110 1003 1284 1357 
1147 987 1175 1142 1227 
1148 365 1310 1151 1345 
1149 961 1114 1180 1254 
1150 299 1046 1173 1273 
1151 908 864 229 1296 
1152 431 429 1049 1174 
1153 920 889 1106 1315 
1154 1044 1152 966 1217 
1155 1026 1043 1037 1098 
1156 859 240 220 1136 
1157 363 1102 1054 1317 
1158 346 395 344 1062 
1159 983 1032 1000 1291 
1160 969 1026 1043 1260 
1161 1006 1203 1056 1279 
1162 1110 1164 1097 1231 
1163 791 693 739 817 
1164 445 1204 460 1340 
1165 951 1086 1156 1227 
1166 1125 966 1217 1294 
1167 967 1104 1000 1185 
1168 1035 1242 997 1268 
1169 1030 1221 964 1285 
1170 941 949 950 1093 
1171 853 1029 168 1344 
1172 258 257 260 1056 
1173 995 1134 317 1191 
1174 942 1025 947 1122 
1175 1062 1145 975 1162 
1176 339 288 317 1191 
1177 1015 986 1180 1266 
1178 16 929 1075 1259 
1179 1070 1135 992 1170 
1180 208 1176 1036 1191 
1181 1044 966 1205 1217 
1182 191 1136 1030 1346 
1183 438 664 713 1057 
1184 935 937 1222 1258 
1185 896 243 893 231 
1186 430 431 429 1049 
1187 816 1108 819 1236 
1188 542 1094 1033 1205 
1189 1128 1177 164 1314 
1190 280 304 1183 1214 
1191 908 534 229 864 
1192 512 1097 1231 1251 
1193 983 1271 1024 1297 
1194 980 1160 1141 1253 
1195 1126 1142 1004 1219 
1196 861 905 859 220 
1197 599 1118 1027 1306 
1198 236 1113 203 1283 
1199 773 1012 771 1196 
1200 208 235 227 1153 
1201 393 1183 199 1199 
1202 241 917 219 1333 
1203 1019 1166 343 1295 
1204 446 478 437 1060 
1205 993 1196 1083 1269 
1206 771 1196 1012 1337 
1207 1047 1151 1113 1288 
1208 641 143 642 1161 
1209 968 1077 1042 1349 
1210 999 1106 1095 1354 
1211 762 1048 1089 1270 
1212 1037 974 1100 1197 
1213 153 769 1149 1197 
1214 1006 1203 1096 1306 
1215 1141 1160 980 1364 
1216 143 1079 642 1161 
1217 790 1193 821 1303 
1218 1057 1267 1087 1292 
1219 966 1125 1025 1329 
1220 1062 1264 1009 1345 
1221 1017 16 1141 1259 
1222 779 755 155 1281 
1223 145 1203 146 1306 
1224 803 1081 1184 1321 
1225 265 1056 260 1078 
1226 976 1073 994 1222 
1227 479 1137 997 1190 
1228 225 1153 1047 1288 
1229 633 678 1057 1275 
1230 1058 1085 1039 1218 
1231 509 187 905 218 
1232 615 623 616 1087 
1233 812 781 780 1091 
1234 540 579 1129 1177 
1235 924 1017 16 1141 
1236 378 524 553 1294 
1237 993 1135 1083 1303 
1238 755 1031 1130 1293 
1239 1004 1142 975 1144 
1240 573 702 1033 1094 
1241 1075 1179 999 1212 
1242 1039 1055 982 1218 
1243 761 1082 698 1195 
1244 203 252 1047 1113 
1245 647 273 600 1168 
1246 646 292 602 1134 
1247 979 1103 1055 1218 
1248 971 1224 1081 1255 
1249 167 168 1042 1366 
1250 165 1052 877 1314 
1251 1058 1170 993 1269 
1252 988 1034 1148 1318 
1253 614 1118 599 1236 
1254 968 1175 1029 1319 
1255 805 1196 1083 1303 
1256 978 1159 1049 1242 
1257 982 1099 1035 1241 
1258 927 1036 928 1176 
1259 836 1048 526 1139 
1260 999 1050 1212 1354 
1261 962 1058 1126 1316 
1262 967 1000 1130 1185 
1263 616 1087 623 1209 
1264 977 1084 1135 1158 
1265 1073 1222 937 1258 
1266 1115 1284 1003 1357 
1267 1038 1065 294 1359 
1268 1039 1058 1218 1316 
1269 350 948 347 1169 
1270 968 1271 1112 1349 
1271 981 1312 1252 1340 
1272 861 860 1095 1136 
1273 678 1057 631 1292 
1274 1037 1043 969 1186 
1275 800 758 749 1100 
1276 1083 1196 1185 1327 
1277 967 1196 1130 1327 
1278 1117 1160 1056 1178 
1279 364 976 399 1317 
1280 435 1049 430 1137 
1281 1003 991 1110 1284 
1282 336 1143 309 1183 
1283 1083 1058 1269 1327 
1284 676 611 658 1187 
1285 965 1246 1091 1318 
1286 762 159 1048 1270 
1287 827 1139 798 1231 
1288 1052 1230 1307 1358 
1289 1051 1141 1160 1253 
1290 1111 1138 971 1267 
1291 1039 1126 1058 1316 
1292 956 1245 1133 1351 
1293 165 877 1052 1228 
1294 964 997 1226 1285 
1295 413 333 248 1183 
1296 951 1156 1032 1227 
1297 714 1041 712 1255 
1298 984 1180 1076 1235 
1299 525 1115 883 1247 
1300 797 823 1256 1303 
1301 862 1140 1328 1354 
1302 354 723 1026 1305 
1303 930 999 1212 1219 
1304 981 1010 1121 1232 
1305 558 473 1252 1340 
1306 797 759 1223 1256 
1307 811 689 722 1074 
1308 945 1073 937 1258 
1309 540 1129 1011 1177 
1310 1060 1067 963 1308 
1311 964 1099 1030 1241 
1312 962 1135 1058 1316 
1313 374 1044 420 1265 
1314 927 928 1036 1153 
1315 1002 1208 1070 1254 
1316 834 767 725 1094 
1317 981 1007 1121 1308 
1318 609 611 1131 1261 
1319 840 1198 1128 1314 
1320 1041 1069 715 1204 
1321 893 875 892 1064 
1322 931 998 1105 1331 
1323 1024 1271 1112 1297 
1324 162 1088 1128 1268 
1325 1043 151 1154 1186 
1326 642 1076 1239 1341 
1327 1038 1117 331 1273 
1328 987 1119 1016 1142 
1329 620 447 648 1123 
1330 730 664 678 1057 
1331 963 1158 1070 1300 
1332 868 575 223 514 
1333 180 1092 672 1249 
1334 219 1333 917 1362 
1335 609 596 610 1059 
1336 988 1053 1031 1225 
1337 711 1304 1098 1322 
1338 1010 1097 813 1311 
1339 985 1046 976 1317 
1340 991 1164 1139 1347 
1341 1010 963 1080 1244 
1342 164 1128 163 1177 
1343 1038 1154 296 1250 
1344 731 716 981 1252 
1345 1051 1160 1141 1364 
1346 589 811 818 1074 
1347 900 566 863 905 
1348 850 1009 1188 1264 
1349 1055 1218 1039 1220 
1350 1023 983 1124 1229 
1351 521 1284 1115 1357 
1352 931 1047 15 1331 
1353 716 1204 981 1252 
1354 1015 1209 1138 1266 
1355 751 402 422 1033 
1356 965 1073 994 1120 
1357 1022 1166 990 1265 
1358 632 620 1123 1286 
1359 969 1026 1260 1290 
1360 435 1049 1137 1235 
1361 160 836 798 1048 
1362 800 749 801 1100 
1363 992 1158 1040 1335 
1364 162 1128 854 1268 
1365 970 985 1146 1171 
1366 566 534 919 864 
1367 487 1087 623 1292 
1368 976 1173 399 1317 
1369 939 946 940 1016 
1370 698 1082 761 1282 
1371 407 383 1014 1262 
1372 998 1302 1047 1331 
1373 856 1099 1030 1221 
1374 989 1068 1179 1353 
1375 528 540 1011 1177 
1376 633 1267 1057 1292 
1377 658 603 676 451 
1378 617 1138 1209 1266 
1379 206 1191 1134 1350 
1380 613 1138 1147 1306 
1381 413 382 280 1183 
1382 882 534 908 919 
1383 404 357 958 1054 
1384 200 896 876 1363 
1385 759 1256 779 1281 
1386 1062 1009 1188 1302 
1387 798 159 160 1048 
1388 1063 1067 504 1299 
1389 583 1048 1205 1287 
1390 584 1090 1042 1284 
1391 774 1027 1301 1337 
1392 1031 1000 1130 1148 
1393 998 1142 1144 1302 
1394 983 1124 1000 1256 
1395 868 1334 223 1362 
1396 948 398 17 350 
1397 1078 1079 143 1161 
1398 967 1039 1085 1220 
1399 810 510 765 1097 
1400 527 528 1040 1177 
1401 366 1033 402 1263 
1402 814 770 1045 1293 
1403 1013 1066 1038 1154 
1404 850 1166 914 1264 
1405 1080 1097 569 1251 
1406 1114 1180 986 1323 
1407 384 293 341 1065 
1408 937 1222 1073 1245 
1409 576 1243 1067 1244 
1410 1052 1198 877 1314 
1411 236 222 1113 1116 
1412 307 266 1117 1365 
1413 550 549 1044 1090 
1414 395 1264 344 1345 
1415 987 1142 1016 1227 
1416 1110 1231 1097 1251 
1417 967 1058 1039 1185 
1418 444 485 493 1063 
1419 1092 1134 140 1163 
1420 930 1055 16 1259 
1421 805 771 779 1196 
1422 354 1026 1272 1305 
1423 1037 1043 1026 1260 
1424 967 1034 1104 1119 
1425 992 1135 1070 1158 
1426 1001 1120 1046 1273 
1427 378 553 389 1294 
1428 1028 1125 966 1329 
1429 1001 1289 1061 1326 
1430 212 1018 490 1172 
1431 18 933 174 1291 
1432 962 1024 1135 1276 
1433 424 503 161 1088 
1434 1005 1202 1197 1282 
1435 773 1193 1012 1196 
1436 947 1014 175 1122 
1437 540 1243 1011 1299 
1438 962 1083 1024 1297 
1439 958 17 398 368 
1440 980 1078 1056 1178 
1441 1151 1310 970 1345 
1442 1020 1131 611 1261 
1443 1084 1135 993 1303 
1444 790 821 823 1303 
1445 998 1142 1004 1144 
1446 1052 165 1228 1314 
1447 398 347 954 1216 
1448 599 1027 1118 1267 
1449 983 1271 1089 1347 
1450 811 763 720 689 
1451 521 1110 1284 1357 
1452 876 896 921 1363 
1453 1027 1096 782 1301 
1454 172 930 1039 1055 
1455 1013 1154 1038 1250 
1456 180 177 672 1092 
1457 642 1239 1076 1248 
1458 1035 1128 978 1268 
1459 983 1000 1032 1256 
1460 550 1022 584 1090 
1461 1029 1175 1112 1319 
1462 209 1036 208 1153 
1463 1012 1193 1114 1208 
1464 979 1141 1079 1364 
1465 991 1139 1090 1287 
1466 1071 1157 1017 1163 
1467 1099 1106 982 1198 
1468 837 792 813 1311 
1469 728 1028 1211 1280 
1470 1019 1093 1162 1332 
1471 601 643 291 1234 
1472 722 1074 746 1232 
1473 939 935 938 1171 
1474 1076 1239 979 1248 
1475 302 1108 300 1237 
1476 623 1087 487 1209 
1477 174 1031 959 1148 
1478 583 570 551 1287 
1479 994 1073 976 1120 
1480 1205 1217 966 1294 
1481 985 970 1146 1151 
1482 1142 1145 1016 1227 
1483 984 1020 1226 1343 
1484 993 1196 1193 1303 
1485 718 693 715 1255 
1486 889 877 1106 1198 
1487 999 1179 1165 1241 
1488 968 1156 1152 1339 
1489 329 275 274 1273 
1490 1076 1180 1015 1235 
1491 961 1070 1170 1269 
1492 790 791 821 1069 
1493 652 1187 228 1249 
1494 616 617 1138 1209 
1495 1042 1077 1022 1278 
1496 1260 1272 1021 1290 
1497 404 958 1192 1351 
1498 781 1091 812 1096 
1499 1027 1147 1138 1306 
1500 1035 961 1103 1242 
1501 265 272 312 1178 
1502 999 1095 1050 1354 
1503 962 1032 1185 1297 
1504 964 1179 1068 1353 
1505 460 467 700 1204 
1506 933 951 952 1229 
1507 396 1206 1026 1322 
1508 375 916 414 1127 
1509 672 1092 607 1249 
1510 1042 1003 1115 1284 
1511 972 1028 1023 1329 
1512 983 1256 1032 1297 
1513 1015 1180 1076 1266 
1514 634 626 629 454 
1515 1082 1107 972 1202 
1516 1097 1164 1110 1251 
1517 1032 962 1175 1297 
1518 528 515 527 1040 
1519 170 873 169 1077 
1520 1097 977 1164 1251 
1521 798 1048 836 1139 
1522 150 151 766 1154 
1523 220 861 905 218 
1524 1029 1112 1175 1358 
1525 930 1179 1055 1259 
1526 408 1021 1272 1290 
1527 189 1075 1165 1338 
1528 982 1106 1099 1241 
1529 486 700 719 1204 
1530 858 863 864 1296 
1531 942 953 1072 1122 
1532 1012 1085 1101 1327 
1533 1028 1125 972 1280 
1534 815 300 757 1237 
1535 1085 1012 1269 1327 
1536 971 1138 1087 1267 
1537 153 1037 1100 1197 
1538 824 825 695 1109 
1539 951 1156 952 1229 
1540 697 799 698 1195 
1541 802 789 793 1084 
1542 1030 1241 1099 1315 
1543 956 937 1245 1351 
1544 566 187 229 864 
1545 1000 1032 1256 1297 
1546 395 344 1062 1345 
1547 793 1084 789 1121 
1548 940 939 1016 1171 
1549 1118 1233 783 1236 
1550 996 1081 971 1111 
1551 354 723 396 1026 
1552 1013 1066 1154 1250 
1553 973 1279 1091 1360 
1554 151 1043 150 1189 
1555 989 1179 1068 1352 
1556 993 1083 1058 1269 
1557 942 943 947 1025 
1558 969 1043 1026 1290 
1559 1001 1117 1120 1273 
1560 990 1265 1166 1295 
1561 702 751 573 1033 
1562 300 1108 757 1237 
1563 446 1067 1060 1340 
1564 961 1242 1035 1254 
1565 986 1027 1101 1147 
1566 203 1047 204 1105 
1567 642 1239 1079 1341 
1568 982 1035 1170 1218 
1569 173 926 1016 1119 
1570 755 1197 1031 1293 
1571 991 1110 1164 1276 
1572 373 1113 222 1116 
1573 562 1110 511 1231 
1574 745 728 1028 1211 
1575 980 1071 1061 1157 
1576 1084 1097 977 1164 
1577 832 802 793 1084 
1578 978 1242 1049 1254 
1579 563 519 558 1067 
1580 602 1134 292 1274 
1581 864 872 566 863 
1582 884 594 912 904 
1583 946 1016 939 1145 
1584 814 1045 770 1301 
1585 369 1192 1014 1272 
1586 982 1055 1039 1219 
1587 403 1021 1054 1351 
1588 1057 1224 996 1255 
1589 1110 1164 977 1251 
1590 1016 1145 946 1227 
1591 979 1085 1218 1220 
1592 851 1221 1132 1268 
1593 294 1038 315 1273 
1594 486 1204 719 1252 
1595 431 1174 1049 1182 
1596 529 1115 1042 1366 
1597 970 1302 1113 1345 
1598 178 868 223 1362 
1599 926 1004 931 1142 
1600 869 903 575 868 
1601 1084 1158 963 1300 
1602 482 1182 435 1235 
1603 328 1038 294 1359 
1604 637 432 639 638 
1605 144 143 1078 1079 
1606 758 737 749 1100 
1607 558 462 473 1340 
1608 976 1173 1120 1273 
1609 369 1107 386 1305 
1610 420 1044 423 1294 
1611 1013 1117 1056 1365 
1612 293 384 269 1065 
1613 1097 1164 813 1231 
1614 370 1206 396 1322 
1615 283 647 601 1234 
1616 969 1038 1066 1154 
1617 139 140 1092 1134 
1618 1007 1069 981 1121 
1619 804 739 791 788 
1620 1062 1093 346 1216 
1621 168 1077 169 1344 
1622 935 945 937 1258 
1623 176 175 947 1014 
1624 298 1206 370 1322 
1625 929 1200 1075 1259 
1626 1135 1170 1058 1316 
1627 357 1054 363 1102 
1628 168 169 1042 1366 
1629 850 1019 1166 1264 
1630 920 860 889 1315 
1631 1045 1318 1201 1360 
1632 1051 967 1201 1220 
1633 571 553 524 1205 
1634 647 144 1078 1168 
1635 482 431 435 1182 
1636 824 1109 695 1233 
1637 552 852 878 1127 
1638 733 1033 728 1263 
1639 1083 1196 993 1303 
1640 958 176 368 1192 
1641 775 772 803 1321 
1642 689 763 581 589 
1643 155 1197 154 1282 
1644 511 1110 513 1251 
1645 172 16 930 1055 
1646 1017 1157 1071 1161 
1647 479 1137 428 1159 
1648 144 1079 1078 1203 
1649 961 1180 1114 1323 
1650 342 914 340 1264 
1651 229 534 566 864 
1652 965 1066 1246 1318 
1653 481 849 899 898 
1654 964 1055 1103 1241 
1655 611 1131 1020 1187 
1656 941 950 948 1093 
1657 152 1037 153 1149 
1658 1035 1103 961 1218 
1659 990 1162 1093 1332 
1660 392 1166 1127 1265 
1661 566 919 872 864 
1662 225 1199 1153 1288 
1663 336 304 1143 1183 
1664 1010 1121 1084 1300 
1665 832 1084 793 1303 
1666 1075 1194 989 1200 
1667 899 217 246 898 
1668 974 1304 1202 1305 
1669 599 147 1236 1306 
1670 611 1187 1020 1261 
1671 533 1048 531 1094 
1672 596 1017 1239 1324 
1673 877 1052 166 1230 
1674 987 1175 1032 1185 
1675 218 219 912 1362 
1676 1139 1164 991 1231 
1677 209 1036 1153 1183 
1678 1037 1098 729 1304 
1679 185 1075 189 1338 
1680 981 1067 1312 1340 
1681 18 174 959 1148 
1682 402 1033 733 1263 
1683 905 566 187 509 
1684 968 1152 1332 1339 
1685 299 1173 1046 1214 
1686 181 1194 1092 1249 
1687 805 1083 1196 1256 
1688 1010 1300 963 1308 
1689 983 1072 1156 1229 
1690 420 1217 1044 1294 
1691 893 231 226 1355 
1692 850 874 1009 1356 
1693 817 693 691 686 
1694 584 1042 1022 1278 
1695 739 691 791 817 
1696 881 918 518 1129 
1697 848 535 890 910 
1698 978 1035 1242 1254 
1699 15 1146 1171 1331 
1700 1064 1283 1140 1367 
1701 1062 1216 346 1345 
1702 970 1171 1146 1331 
1703 160 1048 159 1094 
1704 573 1033 542 1094 
1705 503 161 1088 1129 
1706 760 1066 780 1149 
1707 961 1180 1103 1242 
1708 1081 1111 996 1321 
1709 883 845 525 543 
1710 373 222 406 1116 
1711 1045 1246 814 1293 
1712 769 1246 1149 1293 
1713 208 1036 207 1191 
1714 1082 1107 705 1280 
1715 533 526 531 1048 
1716 861 869 912 1362 
1717 627 463 621 667 
1718 983 1024 1256 1297 
1719 1019 1188 1009 1264 
1720 991 1024 1112 1276 
1721 790 1069 1007 1121 
1722 1083 1185 1058 1327 
1723 981 1121 1010 1308 
1724 542 1033 571 1205 
1725 482 1015 488 1182 
1726 991 1164 1024 1276 
1727 994 965 1120 1150 
1728 15 1153 1047 1348 
1729 316 1043 278 1359 
1730 195 196 1050 1283 
1731 851 855 1132 1221 
1732 784 767 159 1211 
1733 981 1204 1060 1340 
1734 229 864 187 1296 
1735 478 1063 485 1174 
1736 344 395 355 1264 
1737 889 877 920 1106 
1738 755 769 1197 1293 
1739 983 1229 1032 1291 
1740 986 1138 1027 1147 
1741 942 941 1169 1339 
1742 502 1187 612 1261 
1743 1026 1043 1098 1322 
1744 1047 1302 970 1331 
1745 1151 1199 1008 1298 
1746 196 1105 1050 1283 
1747 16 1017 924 1200 
1748 933 1124 174 1291 
1749 195 1050 1140 1283 
1750 431 430 435 1049 
1751 189 1075 185 1165 
1752 541 1011 540 1243 
1753 1027 1138 599 1306 
1754 1099 1241 1106 1315 
1755 927 923 928 1153 
1756 779 771 755 1130 
1757 193 1134 1092 1350 
1758 272 1078 283 1234 
1759 963 1240 1158 1243 
1760 1009 1113 400 1356 
1761 1095 1106 865 1328 
1762 530 1090 584 1284 
1763 369 1014 383 1107 
1764 210 1068 1187 1207 
1765 1009 1264 355 1345 
1766 1240 1243 963 1309 
1767 907 1116 874 1356 
1768 301 1181 605 1237 
1769 195 1140 1328 1333 
1770 1035 961 1170 1218 
1771 851 854 855 1221 
1772 1079 1239 979 1341 
1773 610 1248 1123 1261 
1774 244 859 220 1136 
1775 540 541 528 1011 
1776 1041 1081 971 1224 
1777 245 139 1092 1134 
1778 304 299 1143 1214 
1779 140 646 602 1134 
1780 746 1069 717 1232 
1781 827 813 1164 1231 
1782 1049 1159 978 1174 
1783 966 1072 1023 1329 
1784 1027 1138 1111 1267 
1785 865 1095 920 1106 
1786 964 1226 1059 1353 
1787 840 1128 164 1314 
1788 1064 1140 226 1334 
1789 339 317 1134 1191 
1790 510 1097 810 1231 
1791 801 1100 749 1282 
1792 990 1169 1025 1217 
1793 186 183 1075 1194 
1794 417 337 298 1322 
1795 1035 1170 992 1198 
1796 1031 1148 1130 1293 
1797 1096 1147 1027 1306 
1798 1110 1251 977 1335 
1799 981 1010 1232 1312 
1800 613 1147 1138 1266 
1801 431 434 1174 1182 
1802 1019 1295 1093 1332 
1803 618 1266 617 1286 
1804 185 1075 184 1165 
1805 982 1052 1126 1316 
1806 729 1100 1037 1304 
1807 1047 1153 225 1348 
1808 649 610 648 1123 
1809 611 676 1131 1187 
1810 961 1208 1070 1269 
1811 166 1052 877 1228 
1812 805 1083 823 1303 
1813 729 1098 1037 1100 
1814 822 686 778 803 
1815 583 1048 533 1205 
1816 803 1081 817 1184 
1817 1018 1132 855 1221 
1818 1025 1125 1217 1294 
1819 964 1165 1068 1179 
1820 617 1209 1015 1266 
1821 533 542 571 1205 
1822 962 1126 1175 1358 
1823 783 1118 1109 1233 
1824 528 1080 569 1251 
1825 174 1124 1031 1148 
1826 1166 1295 1019 1332 
1827 821 817 773 1081 
1828 994 1222 1073 1258 
1829 790 823 793 1303 
1830 1217 1265 990 1295 
1831 988 1246 1066 1318 
1832 775 803 1184 1321 
1833 328 1154 1038 1359 
1834 1074 1232 1010 1312 
1835 965 1318 1091 1360 
1836 1053 1037 1149 1197 
1837 824 708 820 1233 
1838 629 58 634 454 
1839 482 1015 1182 1235 
1840 975 1145 1062 1302 
1841 1046 1120 976 1173 
1842 1105 1277 925 1348 
1843 955 1053 1133 1245 
1844 805 823 1083 1256 
1845 995 1157 1071 1163 
1846 489 649 648 1123 
1847 1162 1332 990 1339 
1848 991 1139 1089 1347 
1849 873 1077 1188 1344 
1850 369 386 416 1305 
1851 17 368 960 350 
1852 931 1004 926 1219 
1853 858 1136 244 1296 
1854 892 1064 875 1140 
1855 992 1135 1052 1316 
1856 996 1118 1109 1321 
1857 718 715 1041 1255 
1858 962 1058 1083 1185 
1859 255 757 322 1210 
1860 579 546 842 1177 
1861 1073 1222 976 1245 
1862 389 422 402 1033 
1863 1040 1251 515 1357 
1864 610 1059 596 1248 
1865 1120 1150 1001 1320 
1866 317 288 312 1071 
1867 156 157 759 1281 
1868 1001 1160 1117 1178 
1869 190 195 196 1050 
1870 729 758 737 1098 
1871 1112 1175 962 1319 
1872 548 423 374 1044 
1873 147 614 599 1236 
1874 417 298 370 1322 
1875 942 1072 1025 1122 
1876 828 816 757 1108 
1877 972 1082 1028 1280 
1878 955 1225 1053 1245 
1879 865 1328 1106 1354 
1880 195 1140 1050 1328 
1881 594 509 912 869 
1882 213 1167 1018 1172 
1883 495 1187 1020 1207 
1884 851 854 1221 1268 
1885 1081 996 1184 1321 
1886 1005 1031 1124 1281 
1887 909 851 855 1132 
1888 166 1052 1228 1230 
1889 210 1068 197 1187 
1890 403 1021 408 1290 
1891 200 243 876 896 
1892 1029 1319 1112 1349 
1893 927 1036 1176 1289 
1894 175 1014 176 1192 
1895 937 1054 1222 1245 
1896 980 1079 1078 1161 
1897 676 451 603 1187 
1898 617 1266 1015 1286 
1899 518 918 459 1129 
1900 195 1050 190 1338 
1901 989 1179 1075 1259 
1902 1021 1133 1053 1245 
1903 788 786 742 787 
1904 536 902 845 1115 
1905 853 1230 1029 1307 
1906 281 282 274 1143 
1907 699 1255 1057 1275 
1908 1113 1302 1009 1345 
1909 647 600 144 1168 
1910 711 752 1304 1322 
1911 770 1130 1045 1293 
1912 701 396 723 1026 
1913 962 1175 1112 1358 
1914 613 599 1138 1306 
1915 596 1059 609 1324 
1916 434 1174 1182 1336 
1917 980 1071 1161 1234 
1918 223 870 514 1363 
1919 510 511 512 1231 
1920 1019 1077 1166 1332 
1921 510 512 1097 1231 
1922 966 1089 1048 1270 
1923 691 822 817 803 
1924 1035 1099 982 1198 
1925 1017 1259 1059 1324 
1926 937 1073 945 1245 
1927 1043 1154 278 1359 
1928 358 1151 365 1310 
1929 1081 1224 1041 1255 
1930 154 1197 1100 1282 
1931 623 1087 615 1292 
1932 144 1203 595 1341 
1933 1010 963 1244 1308 
1934 208 207 1176 1191 
1935 172 1051 922 1141 
1936 970 1151 985 1310 
1937 946 934 944 1104 
1938 178 509 575 869 
1939 991 1089 1139 1287 
1940 171 340 914 1166 
1941 973 1147 1096 1203 
1942 896 906 231 1355 
1943 631 1057 438 1292 
1944 832 793 797 1303 
1945 924 1017 1141 1157 
1946 950 1093 949 1162 
1947 352 346 1216 1345 
1948 1201 1318 1051 1360 
1949 957 1062 950 1162 
1950 650 616 623 1209 
1951 998 1105 1047 1283 
1952 890 910 552 852 
1953 1124 1148 174 1291 
1954 162 163 854 1128 
1955 261 307 331 1365 
1956 385 1206 1065 1290 
1957 1020 1131 1068 1187 
1958 191 213 1136 1346 
1959 571 1033 553 1205 
1960 408 1272 1026 1290 
1961 1001 1143 1289 1326 
1962 903 871 575 868 
1963 370 396 417 1322 
1964 840 889 1198 1314 
1965 798 827 762 1347 
1966 395 355 1264 1345 
1967 1107 1272 974 1305 
1968 1032 1229 1156 1291 
1969 738 705 1107 1280 
1970 441 1015 482 1235 
1971 1059 1131 609 1324 
1972 602 140 1134 1274 
1973 982 1126 1106 1219 
1974 404 1054 958 1351 
1975 512 511 513 1251 
1976 183 185 186 1075 
1977 930 1039 1055 1219 
1978 241 195 194 1328 
1979 1036 1153 928 1176 
1980 773 805 1193 1196 
1981 920 1106 1095 1315 
1982 241 194 1095 1328 
1983 995 1134 1092 1163 
1984 192 259 1036 1183 
1985 851 1268 1132 1330 
1986 418 1199 1151 1298 
1987 474 1132 847 1172 
1988 979 1218 1085 1323 
1989 577 765 510 1097 
1990 985 1222 1102 1317 
1991 946 1016 1227 1361 
1992 629 634 58 303 
1993 1180 1242 961 1254 
1994 860 1095 1136 1315 
1995 372 1021 403 1351 
1996 940 1258 1171 1361 
1997 175 1133 1014 1192 
1998 931 1142 998 1331 
1999 969 1043 1290 1359 
2000 301 640 302 1237 
2001 1251 1335 1110 1357 
2002 996 1109 1313 1321 
2003 447 1123 620 1286 
2004 395 1062 346 1345 
2005 1044 1217 1205 1294 
2006 994 1150 1120 1320 
2007 834 160 767 1094 
2008 420 374 423 1044 
2009 744 1184 693 1255 
2010 18 174 1148 1291 
2011 899 246 481 898 
2012 992 1052 1135 1335 
2013 959 1031 174 1325 
2014 730 713 664 1057 
2015 206 224 1191 1350 
2016 373 377 179 1113 
2017 990 1093 1295 1332 
2018 232 1277 1105 1348 
2019 757 1108 816 1237 
2020 810 765 813 1097 
2021 331 1117 275 1273 
2022 1010 1121 1300 1308 
2023 980 1141 1079 1161 
2024 957 946 939 1145 
2025 419 1127 392 1166 
2026 1106 1328 1095 1354 
2027 998 1140 1283 1367 
2028 1111 1027 1267 1321 
2029 967 1085 1058 1327 
2030 810 1097 813 1231 
2031 176 960 368 1238 
2032 582 834 725 1094 
2033 871 575 868 514 
2034 1015 1180 1049 1235 
2035 1033 966 1125 1205 
2036 481 849 587 899 
2037 974 1100 1197 1202 
2038 993 1193 1196 1269 
2039 449 495 1020 1190 
2040 1039 1218 1085 1220 
2041 1076 979 1239 1341 
2042 347 346 1093 1216 
2043 423 548 524 1044 
2044 834 725 767 680 
2045 794 768 710 1189 
2046 309 1036 1143 1326 
2047 939 1145 1016 1215 
2048 758 710 737 1098 
2049 892 1064 1140 1367 
2050 948 950 954 1216 
2051 1039 967 1119 1220 
2052 974 1197 1005 1202 
2053 1017 1200 16 1259 
2054 874 894 893 1116 
2055 1032 1156 1086 1227 
2056 642 618 632 1076 
2057 840 164 889 1314 
2058 963 1208 1070 1309 
2059 599 1138 1027 1267 
2060 780 1066 760 1246 
2061 527 1040 515 1357 
2062 1054 976 1222 1245 
2063 193 245 1092 1134 
2064 1003 1052 1335 1358 
2065 979 1103 1218 1323 
2066 144 1079 1203 1341 
2067 250 1153 225 1199 
2068 995 1061 1071 1157 
2069 765 1097 577 1311 
2070 1149 1246 988 1293 
2071 943 941 948 1169 
2072 900 566 905 509 
2073 922 1051 172 1150 
2074 349 394 1169 1295 
2075 180 181 1092 1249 
2076 980 1161 1078 1234 
2077 1059 1239 596 1248 
2078 186 1194 1075 1277 
2079 644 598 146 1108 
2080 791 691 806 817 
2081 1016 1171 994 1361 
2082 283 272 273 1078 
2083 1066 969 1154 1186 
2084 542 1048 533 1094 
2085 474 490 1132 1172 
2086 973 1101 1147 1213 
2087 780 1066 1154 1186 
2088 181 1194 1249 1352 
2089 815 757 816 1237 
2090 928 1277 1176 1348 
2091 1017 1157 924 1200 
2092 856 1030 857 1136 
2093 1009 1264 850 1356 
2094 192 207 208 1036 
2095 256 1250 1210 1365 
2096 682 1275 1109 1313 
2097 1050 1095 1328 1354 
2098 1000 1196 1083 1256 
2099 982 1170 1035 1198 
2100 495 472 1020 1187 
2101 541 1243 540 1299 
2102 424 161 915 1088 
2103 998 1144 1188 1302 
2104 780 1149 1066 1186 
2105 972 1125 1028 1329 
2106 526 1048 551 1139 
2107 1041 1155 491 1224 
2108 895 867 862 1140 
2109 691 739 693 817 
2110 430 428 1137 1159 
2111 418 1151 412 1298 
2112 612 502 658 1187 
2113 495 1020 1190 1207 
2114 987 1119 1104 1361 
2115 538 579 540 1177 
2116 790 793 789 1121 
2117 855 1132 1018 1172 
2118 1026 1272 1260 1290 
2119 433 478 1174 1336 
2120 1003 1110 1276 1335 
2121 1106 1219 999 1241 
2122 870 871 514 913 
2123 1092 1194 989 1249 
2124 417 396 750 1322 
2125 561 200 906 588 
2126 289 1191 1036 1326 
2127 259 1036 309 1326 
2128 1193 1300 993 1303 
2129 486 460 700 1204 
2130 392 360 1166 1265 
2131 534 899 560 882 
2132 977 1164 1110 1276 
2133 541 1243 576 1244 
2134 889 165 877 1314 
2135 532 1252 1074 1312 
2136 727 1202 1100 1304 
2137 641 1239 642 1248 
2138 840 1099 856 1221 
2139 676 658 451 1187 
2140 190 196 232 1105 
2141 822 691 686 803 
2142 261 331 296 1250 
2143 1012 1208 1114 1269 
2144 641 596 1161 1239 
2145 174 933 953 1229 
2146 1096 1203 1147 1306 
2147 372 1192 1021 1351 
2148 394 1265 1217 1295 
2149 969 1290 1245 1342 
2150 1062 1093 950 1162 
2151 1078 1203 1079 1279 
2152 983 1156 1032 1229 
2153 1049 1180 1015 1182 
2154 1070 1208 963 1300 
2155 570 1090 530 1284 
2156 192 1036 209 1183 
2157 1058 1085 961 1269 
2158 358 405 1298 1310 
2159 641 596 1239 1248 
2160 1053 1133 1021 1260 
2161 762 1089 1223 1270 
2162 1074 1252 981 1312 
2163 467 1041 491 1224 
2164 758 729 737 1100 
2165 1046 1120 1001 1320 
2166 758 794 710 1098 
2167 1017 979 1141 1239 
2168 633 606 678 1275 
2169 617 613 616 1138 
2170 727 1202 1304 1305 
2171 419 340 171 1166 
2172 953 1229 1122 1257 
2173 1042 1284 1090 1349 
2174 683 695 825 1109 
2175 552 414 916 1127 
2176 252 204 203 1047 
2177 398 404 357 958 
2178 1004 1106 1126 1219 
2179 1120 1173 1046 1273 
2180 958 956 176 1192 
2181 989 1259 1017 1324 
2182 790 789 788 1069 
2183 1042 1090 968 1349 
2184 833 150 766 1154 
2185 961 1114 1208 1269 
2186 139 672 177 1092 
2187 629 663 634 303 
2188 1068 1179 1165 1352 
2189 63 809 829 764 
2190 789 1069 790 1121 
2191 1136 1167 214 1296 
2192 524 1044 549 1205 
2193 784 756 743 1211 
2194 385 1065 391 1290 
2195 1063 1243 1240 1309 
2196 1044 1217 420 1265 
2197 965 1051 1318 1360 
2198 452 1087 456 1224 
2199 489 649 1123 1261 
2200 814 812 1246 1301 
2201 1091 1246 812 1301 
2202 260 257 314 1168 
2203 328 296 1038 1154 
2204 708 1181 820 1233 
2205 355 1009 400 1356 
2206 1171 1258 994 1361 
2207 1016 1119 987 1361 
2208 141 1071 1163 1274 
2209 212 490 198 1172 
2210 966 1223 1089 1270 
2211 974 1272 1260 1304 
2212 767 1094 159 1211 
2213 827 810 813 1231 
2214 403 1054 404 1351 
2215 1024 1256 1083 1303 
2216 243 876 893 1334 
2217 989 1017 1200 1324 
2218 1017 1141 1161 1239 
2219 261 1250 256 1365 
2220 1076 986 1180 1323 
2221 780 760 812 1246 
2222 144 1078 1168 1203 
2223 209 192 208 1036 
2224 1011 1158 1240 1243 
2225 1007 1300 1121 1308 
2226 1077 975 1188 1344 
2227 180 181 177 1092 
2228 252 1047 1113 1288 
2229 641 596 142 1161 
2230 985 1298 405 1310 
2231 999 1165 1075 1338 
2232 1049 1182 1015 1235 
2233 840 854 1128 1268 
2234 976 1222 985 1317 
2235 769 760 1149 1246 
2236 936 1054 1102 1222 
2237 545 1067 1243 1299 
2238 949 1086 951 1227 
2239 986 1147 1101 1213 
2240 760 1149 780 1186 
2241 169 1278 1042 1366 
2242 1059 1226 1020 1353 
2243 856 840 857 1099 
2244 382 348 297 1214 
2245 224 1176 1191 1350 
2246 1051 1160 1150 1253 
2247 1093 1169 990 1295 
2248 488 482 441 1015 
2249 922 172 173 1150 
2250 746 722 689 1074 
2251 206 254 1134 1191 
2252 1005 1124 1031 1325 
2253 1078 1161 143 1234 
2254 968 1319 1029 1349 
2255 702 745 1033 1094 
2256 1012 1193 1208 1269 
2257 902 1115 536 1366 
2258 824 783 825 1109 
2259 187 863 244 1296 
2260 224 1176 207 1191 
2261 964 1285 1226 1353 
2262 1160 1279 980 1364 
2263 962 1024 1276 1297 
2264 892 1144 843 1188 
2265 610 1123 649 1261 
2266 424 427 1088 1330 
2267 722 746 717 1232 
2268 899 229 217 1296 
2269 617 613 1138 1266 
2270 507 1067 545 1299 
2271 977 1097 1080 1251 
2272 969 1066 1038 1342 
2273 738 1107 724 1263 
2274 683 1109 825 1313 
2275 528 538 540 1177 
2276 826 1233 1181 1237 
2277 316 294 1065 1359 
2278 959 1148 1031 1225 
2279 400 1113 1009 1345 
2280 1175 1297 962 1319 
2281 996 1109 1275 1313 
2282 253 1210 256 1250 
2283 1003 1335 1276 1358 
2284 235 1277 247 1348 
2285 889 877 1198 1314 
2286 417 750 337 1322 
2287 1045 1091 973 1301 
2288 961 1035 1170 1254 
2289 471 217 505 898 
2290 300 322 757 1108 
2291 961 1085 1058 1218 
2292 550 570 549 1090 
2293 1018 855 1167 1221 
2294 1032 1000 1185 1297 
2295 930 926 172 1039 
2296 1038 1154 969 1359 
2297 959 1225 1031 1325 
2298 1163 1200 1017 1324 
2299 1112 1276 1024 1297 
2300 432 55 635 637 
2301 1050 1328 1140 1354 
2302 991 1271 1089 1287 
2303 892 1144 1188 1367 
2304 406 222 188 1116 
2305 918 881 161 1129 
2306 254 339 1134 1191 
2307 1092 1134 995 1350 
2308 599 1118 614 1267 
2309 408 354 1026 1272 
2310 587 246 899 534 
2311 953 947 175 1122 
2312 966 1089 1271 1287 
2313 1112 962 1297 1319 
2314 179 1113 377 1288 
2315 647 1078 143 1234 
2316 273 1078 260 1168 
2317 301 605 640 1237 
2318 349 1169 1093 1295 
2319 249 906 200 588 
2320 198 499 505 1172 
2321 534 246 899 229 
2322 403 391 364 1054 
2323 336 304 309 1143 
2324 1059 1324 1259 1353 
2325 1055 1219 982 1241 
2326 545 1067 576 1243 
2327 607 1092 140 1163 
2328 360 419 392 1166 
2329 1017 1163 1157 1200 
2330 145 1147 1203 1306 
2331 966 1023 1223 1329 
2332 820 1181 826 1233 
2333 168 169 843 1344 
2334 788 1069 789 1232 
2335 540 1011 1129 1299 
2336 152 1037 1149 1186 
2337 572 509 900 884 
2338 810 578 508 1231 
2339 939 1016 1171 1215 
2340 701 1026 723 1304 
2341 607 652 672 1249 
2342 776 1109 1118 1321 
2343 315 1038 331 1273 
2344 874 893 1064 1116 
2345 1038 965 1117 1120 
2346 1033 1125 366 1294 
2347 171 1127 419 1166 
2348 1012 1196 1193 1269 
2349 356 985 405 1310 
2350 811 722 785 787 
2351 1125 1263 972 1280 
2352 940 1171 1016 1361 
2353 316 1206 1043 1359 
2354 995 1157 1163 1200 
2355 358 1298 1151 1310 
2356 283 601 291 1234 
2357 989 1200 1163 1324 
2358 383 724 1107 1263 
2359 1100 1202 974 1304 
2360 789 1069 1121 1232 
2361 1061 1191 288 1326 
2362 1036 1143 1008 1183 
2363 716 719 1204 1252 
2364 1079 1141 980 1364 
2365 901 539 844 1177 
2366 800 153 758 1100 
2367 189 185 184 1165 
2368 209 1183 1153 1199 
2369 1002 1309 1060 1336 
2370 472 449 495 1020 
2371 172 1119 1051 1220 
2372 979 1213 1079 1341 
2373 897 231 906 1355 
2374 1021 1192 1133 1351 
2375 1037 1100 974 1304 
2376 444 503 1088 1129 
2377 1020 1261 472 1343 
2378 714 1041 715 1204 
2379 259 1036 289 1191 
2380 1120 1273 1038 1342 
2381 1020 1187 1068 1207 
2382 1152 990 1332 1339 
2383 1049 1159 1137 1242 
2384 818 1074 837 1311 
2385 810 1139 578 1231 
2386 145 613 1147 1306 
2387 214 1167 1172 1296 
2388 935 939 940 1171 
2389 187 244 863 220 
2390 275 307 266 1117 
2391 991 1090 1271 1287 
2392 382 297 280 1214 
2393 271 1154 833 1250 
2394 1031 1148 988 1225 
2395 928 1176 1153 1348 
2396 316 1065 1206 1359 
2397 963 1243 1080 1244 
2398 940 1016 946 1361 
2399 258 260 265 1056 
2400 411 1113 400 1345 
2401 385 384 1065 1206 
2402 930 16 929 1075 
2403 485 444 427 1088 
2404 824 783 1109 1233 
2405 445 1155 1060 1336 
2406 552 1127 878 1278 
2407 617 1015 1209 1286 
2408 760 1066 1149 1246 
2409 966 1152 1044 1287 
2410 262 379 1173 1214 
2411 489 648 447 1123 
2412 340 360 343 1166 
2413 769 814 1246 1293 
2414 532 731 1074 1252 
2415 515 528 569 1251 
2416 139 177 245 1092 
2417 284 317 1071 1274 
2418 686 778 803 1184 
2419 642 1076 632 1248 
2420 611 676 607 1131 
2421 1029 1349 1112 1358 
2422 826 1181 820 1237 
2423 761 1082 156 1282 
2424 281 270 288 1061 
2425 1003 1110 1335 1357 
2426 826 1236 1233 1237 
2427 801 749 734 1282 
2428 212 457 490 1018 
2429 347 1093 349 1169 
2430 255 267 257 1210 
2431 1040 1335 1251 1357 
2432 929 1194 1200 1350 
2433 1020 1226 1285 1353 
2434 945 1225 1073 1258 
2435 159 1094 1048 1270 
2436 763 581 720 689 
2437 452 1182 1155 1336 
2438 1133 1257 1005 1325 
2439 1126 1316 1052 1358 
2440 986 1101 1085 1213 
2441 1083 1256 1024 1297 
2442 1045 973 1091 1360 
2443 925 930 1075 1212 
2444 398 954 357 1102 
2445 994 1120 1046 1320 
2446 948 347 398 350 
2447 714 718 1041 1255 
2448 1010 981 1308 1312 
2449 639 54 432 637 
2450 993 1208 1070 1300 
2451 582 160 834 1094 
2452 895 862 1144 1354 
2453 976 1054 1222 1317 
2454 1018 1132 490 1172 
2455 512 569 1097 1251 
2456 1056 1078 980 1279 
2457 248 306 230 1183 
2458 504 1067 507 1299 
2459 929 925 930 1075 
2460 874 1356 1116 1367 
2461 200 561 896 1363 
2462 981 1067 1308 1312 
2463 204 1105 1047 1348 
2464 1083 1185 1000 1297 
2465 962 1276 1112 1297 
2466 1128 1198 992 1314 
2467 929 1277 1194 1350 
2468 635 432 637 636 
2469 1078 1079 980 1279 
2470 240 1095 237 1136 
2471 1138 1147 986 1266 
2472 801 154 800 1100 
2473 375 414 82 1127 
2474 1118 1267 1027 1321 
2475 450 445 460 1340 
2476 951 1156 1086 1339 
2477 1063 1129 1011 1299 
2478 739 691 806 791 
2479 686 778 1184 1313 
2480 892 875 895 1140 
2481 1018 997 1221 1285 
2482 985 1146 1046 1298 
2483 750 396 701 1322 
2484 883 1115 166 1247 
2485 431 434 433 1174 
2486 396 1026 701 1322 
2487 186 1075 185 1277 
2488 304 299 282 1143 
2489 922 1253 1150 1320 
2490 650 623 487 1209 
2491 774 1321 1027 1337 
2492 751 733 402 1033 
2493 139 140 607 1092 
2494 964 1055 1179 1353 
2495 966 1271 1152 1287 
2496 1080 1158 1011 1243 
2497 827 813 802 1164 
2498 997 1132 1018 1221 
2499 174 1031 1124 1325 
2500 571 542 553 1033 
2501 1026 1304 1272 1305 
2502 862 1140 867 1328 
2503 379 341 70 1173 
2504 306 192 230 1183 
2505 644 286 338 1168 
2506 978 1063 1240 1309 
2507 1197 1202 1100 1282 
2508 906 897 397 249 
2509 936 935 937 1222 
2510 224 208 207 1176 
2511 994 1171 985 1222 
2512 789 1121 792 1232 
2513 1001 1143 1046 1320 
2514 974 1053 1037 1260 
2515 991 1164 1110 1231 
2516 1050 998 1140 1283 
2517 378 423 524 1294 
2518 505 217 198 1172 
2519 1023 1005 1257 1281 
2520 382 393 418 1199 
2521 989 1200 1017 1259 
2522 355 400 1009 1345 
2523 616 1138 1087 1209 
2524 474 490 484 1132 
2525 474 847 455 1172 
2526 985 1151 1146 1298 
2527 825 777 735 1313 
2528 1005 1257 1124 1325 
2529 891 911 560 849 
2530 267 302 338 1108 
2531 1107 1202 754 1305 
2532 262 297 379 1214 
2533 785 767 784 721 
2534 892 895 843 1144 
2535 644 600 286 1168 
2536 296 271 323 1250 
2537 992 1052 1198 1316 
2538 767 160 159 1094 
2539 1046 985 1298 1317 
2540 594 904 903 869 
2541 836 578 810 1139 
2542 1089 1271 991 1347 
2543 939 1171 938 1215 
2544 293 71 384 341 
2545 986 1076 1213 1323 
2546 1041 971 1155 1224 
2547 1133 1245 1021 1351 
2548 550 1022 517 1127 
2549 966 1028 1223 1270 
2550 956 1133 1192 1351 
2551 776 1313 1109 1321 
2552 973 1201 1045 1301 
2553 513 515 1251 1357 
2554 823 1083 1256 1303 
2555 608 607 140 1163 
2556 1166 1265 360 1295 
2557 289 1036 259 1326 
2558 965 1160 1051 1360 
2559 550 549 548 1044 
2560 16 1200 929 1259 
2561 929 1194 1075 1200 
2562 412 358 405 1298 
2563 180 672 652 1249 
2564 733 745 728 1033 
2565 1074 1010 1311 1312 
2566 328 278 1154 1359 
2567 943 1025 942 1169 
2568 961 1170 1070 1254 
2569 981 1252 1204 1340 
2570 763 720 808 830 
2571 363 405 356 985 
2572 746 716 717 1069 
2573 660 264 665 645 
2574 741 1094 767 1211 
2575 985 994 1146 1171 
2576 220 905 187 218 
2577 299 1173 295 1273 
2578 1127 1166 1022 1265 
2579 1079 1147 973 1203 
2580 361 1125 1025 1294 
2581 1051 965 1150 1160 
2582 980 1071 1157 1161 
2583 814 1301 770 1337 
2584 449 1020 472 1343 
2585 514 870 913 1363 
2586 722 788 742 787 
2587 949 951 946 1227 
2588 385 1026 1206 1290 
2589 262 379 70 1173 
2590 893 226 243 1334 
2591 363 985 356 1102 
2592 172 1039 926 1119 
2593 812 1096 1091 1301 
2594 1003 1052 1228 1335 
2595 153 154 769 1197 
2596 479 1132 439 1190 
2597 1030 1099 857 1315 
2598 319 694 1189 1322 
2599 297 348 379 1214 
2600 1210 1250 1013 1365 
2601 984 1137 1049 1235 
2602 901 842 546 1177 
2603 1076 986 1213 1341 
2604 705 1107 1082 1202 
2605 152 794 758 1098 
2606 1018 1167 855 1172 
2607 162 854 851 1268 
2608 946 934 1104 1227 
2609 686 685 778 1313 
2610 930 1212 931 1219 
2611 1098 1189 711 1322 
2612 386 724 681 1107 
2613 641 610 596 1248 
2614 433 478 485 1174 
2615 443 1155 452 1224 
2616 897 906 231 249 
2617 947 1025 943 1238 
2618 969 1149 1053 1260 
2619 210 216 1068 1207 
2620 1195 1211 1028 1280 
2621 673 679 1109 1233 
2622 573 553 542 1033 
2623 994 1258 1034 1361 
2624 369 383 386 1107 
2625 684 1275 682 1313 
2626 424 1088 915 1330 
2627 844 164 901 1177 
2628 910 879 535 852 
2629 814 769 770 1293 
2630 727 754 1202 1305 
2631 1082 1202 1005 1282 
2632 618 1076 642 1341 
2633 143 647 144 1078 
2634 364 363 1054 1317 
2635 1184 1275 684 1313 
2636 1021 1260 1133 1272 
2637 209 1153 250 1199 
2638 567 525 883 1247 
2639 427 1159 1088 1330 
2640 157 158 1028 1195 
2641 963 1158 1080 1243 
2642 962 1316 1126 1358 
2643 643 284 1234 1274 
2644 1037 969 1149 1186 
2645 989 1249 1194 1352 
2646 316 328 294 1359 
2647 973 1101 1201 1301 
2648 578 836 526 1139 
2649 861 219 917 1362 
2650 1070 1208 993 1269 
2651 1102 1171 985 1215 
2652 957 950 1062 1215 
2653 978 1128 1088 1268 
2654 72 384 370 1206 
2655 1002 1174 1049 1254 
2656 739 717 693 1069 
2657 539 844 1177 1247 
2658 950 1093 1062 1216 
2659 1104 1119 1034 1361 
2660 844 164 1177 1247 
2661 459 518 565 498 
2662 562 513 511 1110 
2663 874 893 892 1064 
2664 191 213 215 1136 
2665 1073 1225 945 1245 
2666 1260 1272 1026 1304 
2667 195 1328 241 1333 
2668 1049 1180 984 1235 
2669 675 655 646 311 
2670 977 1276 1110 1335 
2671 973 1147 1079 1213 
2672 412 1151 358 1298 
2673 373 179 222 1113 
2674 157 1028 158 1223 
2675 991 1024 1164 1347 
2676 1141 1157 1017 1161 
2677 874 1009 1356 1367 
2678 261 253 256 1250 
2679 895 862 853 1144 
2680 1106 1241 999 1315 
2681 1070 1158 963 1240 
2682 1091 1096 973 1301 
2683 1115 1247 525 1357 
2684 527 515 520 1357 
2685 1055 1259 1179 1353 
2686 598 147 1108 1237 
2687 595 1203 1147 1341 
2688 989 1259 1324 1353 
2689 1048 1089 966 1287 
2690 241 240 219 1095 
2691 398 351 347 1216 
2692 984 1076 1180 1323 
2693 275 331 307 1117 
2694 323 271 833 1250 
2695 845 166 883 1115 
2696 386 383 724 1107 
2697 1068 1207 216 1346 
2698 248 333 306 1183 
2699 536 845 525 1115 
2700 95 848 535 890 
2701 549 524 548 1044 
2702 368 404 958 1192 
2703 1053 1149 1037 1260 
2704 988 1148 1031 1293 
2705 742 717 788 722 
2706 1000 1256 1083 1297 
2707 976 1073 1245 1342 
2708 568 532 731 1074 
2709 814 774 782 1301 
2710 236 222 203 1113 
2711 936 937 1054 1222 
2712 977 1024 1164 1276 
2713 1151 1298 985 1310 
2714 839 1106 1307 1354 
2715 797 762 1089 1223 
2716 984 1180 1103 1323 
2717 876 870 1334 1363 
2718 974 1133 1260 1272 
2719 513 1251 1110 1357 
2720 512 569 522 1097 
2721 642 143 144 1079 
2722 1127 1166 170 1278 
2723 722 786 785 787 
2724 276 1043 287 1189 
2725 682 1109 683 1313 
2726 521 513 1110 1357 
2727 1030 1136 856 1167 
2728 1177 1247 164 1314 
2729 596 1239 1059 1324 
2730 342 343 344 1264 
2731 947 1122 1025 1238 
2732 992 1040 1314 1335 
2733 403 385 391 1290 
2734 384 269 1065 1206 
2735 1031 1124 1000 1148 
2736 984 1103 1180 1242 
2737 957 1145 1062 1162 
2738 312 1061 270 1178 
2739 818 523 1074 1311 
2740 912 509 594 884 
2741 440 1123 1235 1343 
2742 858 856 1136 1167 
2743 376 366 402 1263 
2744 328 315 294 1038 
2745 207 320 254 1191 
2746 372 403 404 1351 
2747 992 1198 1170 1316 
2748 315 296 331 1038 
2749 162 851 1088 1268 
2750 985 1171 1102 1222 
2751 467 453 470 1224 
2752 530 570 584 1090 
2753 980 1056 1160 1178 
2754 1008 1153 1036 1183 
2755 536 1115 529 1366 
2756 598 640 147 1237 
2757 949 951 1086 1339 
2758 797 1089 762 1347 
2759 1095 1106 999 1315 
2760 242 1165 1068 1346 
2761 384 269 71 293 
2762 958 956 1192 1351 
2763 490 1018 484 1132 
2764 924 927 1157 1253 
2765 301 302 300 1237 
2766 1049 1174 978 1254 
2767 766 1154 151 1186 
2768 795 708 820 824 
2769 981 1232 1074 1312 
2770 651 622 468 660 
2771 618 1266 1076 1341 
2772 715 714 718 1041 
2773 545 507 519 1067 
2774 1045 1201 1101 1301 
2775 532 563 1252 1312 
2776 814 1246 1045 1301 
2777 947 1014 1122 1238 
2778 571 583 533 1205 
2779 881 518 579 1129 
2780 500 456 1087 1224 
2781 741 767 784 1211 
2782 198 1167 213 1172 
2783 209 208 227 1153 
2784 1042 1003 1284 1349 
2785 588 397 906 848 
2786 384 391 385 1065 
2787 861 860 920 1095 
2788 1137 1159 997 1242 
2789 858 856 857 1136 
2790 689 568 731 1074 
2791 996 1275 1184 1313 
2792 206 207 254 1191 
2793 923 1150 173 1320 
2794 1021 1245 1053 1260 
2795 824 695 708 1233 
2796 570 586 1090 1284 
2797 717 739 742 788 
2798 714 700 111 467 
2799 341 391 384 1065 
2800 174 1229 953 1257 
2801 924 1141 922 1253 
2802 1061 1157 995 1368 
2803 470 500 1057 1224 
2804 437 445 1060 1336 
2805 1132 1221 997 1268 
2806 925 1212 1075 1277 
2807 762 1223 158 1270 
2808 853 1307 1029 1344 
2809 123 808 128 763 
2810 678 631 633 1292 
2811 1090 1152 968 1271 
2812 493 1063 504 1299 
2813 774 1301 814 1337 
2814 212 457 1018 1207 
2815 995 1191 1061 1368 
2816 424 444 503 1088 
2817 348 379 69 297 
2818 730 1057 678 1275 
2819 739 804 742 788 
2820 287 1189 1043 1322 
2821 792 837 811 1074 
2822 376 1262 1125 1263 
2823 252 1113 179 1288 
2824 704 1211 1195 1280 
2825 521 530 529 1284 
2826 982 1219 1106 1241 
2827 1049 1174 1002 1182 
2828 953 1072 1122 1229 
2829 355 1264 1009 1356 
2830 1020 449 1190 1343 
2831 1142 1145 975 1302 
2832 433 437 478 1336 
2833 992 1170 1135 1316 
2834 433 1174 434 1336 
2835 352 1216 1310 1345 
2836 562 511 516 1231 
2837 992 1314 1052 1335 
2838 414 890 552 916 
2839 191 1030 1165 1346 
2840 215 1136 213 1167 
2841 852 170 878 1127 
2842 204 1047 225 1348 
2843 873 1188 843 1344 
2844 949 1086 1162 1339 
2845 953 1122 175 1257 
2846 839 865 877 1106 
2847 151 1043 1098 1186 
2848 262 69 379 297 
2849 952 1156 951 1339 
2850 575 594 903 869 
2851 824 796 795 695 
2852 922 1289 1253 1320 
2853 383 1262 407 1263 
2854 357 364 363 1054 
2855 527 1247 1040 1357 
2856 974 1202 1107 1305 
2857 533 551 526 1048 
2858 1008 1143 1046 1214 
2859 263 635 55 637 
2860 918 518 498 891 
2861 900 547 844 901 
2862 584 1022 550 1278 
2863 1049 1137 984 1242 
2864 1046 1146 994 1320 
2865 689 731 746 1074 
2866 636 635 463 625 
2867 436 1235 1137 1343 
2868 1151 1199 388 1288 
2869 72 269 384 1206 
2870 935 1171 940 1258 
2871 1122 1229 1023 1257 
2872 980 1157 1141 1161 
2873 172 1039 1119 1220 
2874 272 265 260 1078 
2875 1133 1192 1021 1272 
2876 197 228 1187 1249 
2877 881 842 579 518 
2878 487 456 1087 1292 
2879 475 650 651 623 
2880 192 306 259 1183 
2881 936 937 958 1054 
2882 521 1110 562 1284 
2883 361 1025 1125 1262 
2884 220 219 861 218 
2885 969 1037 1149 1260 
2886 484 1190 1018 1207 
2887 982 1218 1170 1316 
2888 1020 1207 1068 1285 
2889 924 1157 1141 1253 
2890 825 796 824 695 
2891 711 729 1098 1304 
2892 230 306 24 192 
2893 1115 1228 166 1247 
2894 174 1124 1257 1325 
2895 358 388 365 1151 
2896 197 210 216 1068 
2897 970 1171 1215 1310 
2898 927 1289 1176 1368 
2899 1018 1132 997 1190 
2900 717 715 1069 1204 
2901 207 206 224 1191 
2902 407 383 369 1014 
2903 989 1092 1163 1200 
2904 1020 1285 1068 1353 
2905 154 1100 801 1282 
2906 367 388 1199 1288 
2907 616 599 615 1267 
2908 467 491 453 1224 
2909 183 185 1075 1352 
2910 850 171 914 1166 
2911 862 853 1144 1354 
2912 957 950 949 1162 
2913 1050 1105 998 1283 
2914 141 142 1071 1274 
2915 961 1170 1058 1269 
2916 601 647 143 1234 
2917 440 1235 1123 1286 
2918 291 643 602 1274 
2919 165 166 877 1228 
2920 343 1166 360 1295 
2921 967 1085 1201 1220 
2922 751 702 733 1033 
2923 1011 1240 1063 1243 
2924 174 1124 933 1229 
2925 361 1125 376 1262 
2926 695 1109 679 1233 
2927 203 1105 196 1283 
2928 490 499 198 1172 
2929 435 1137 436 1235 
2930 385 408 1026 1290 
2931 979 1076 1213 1341 
2932 1043 1189 1098 1322 
2933 1091 1246 1045 1318 
2934 973 1045 1201 1360 
2935 708 326 764 1181 
2936 573 574 702 1094 
2937 440 1235 436 1343 
2938 184 1165 1075 1352 
2939 755 769 154 1197 
2940 1071 1234 284 1274 
2941 978 1254 1174 1309 
2942 766 780 1154 1186 
2943 153 1100 154 1197 
2944 434 1182 452 1336 
2945 926 1039 930 1219 
2946 613 599 616 1138 
2947 153 769 760 1149 
2948 579 538 546 1177 
2949 161 459 918 1129 
2950 294 315 295 1273 
2951 284 1071 312 1234 
2952 1050 1095 999 1338 
2953 1089 1048 1139 1287 
2954 545 1243 541 1299 
2955 500 1087 456 1292 
2956 366 376 1125 1263 
2957 741 725 767 1094 
2958 124 834 725 582 
2959 214 1167 198 1172 
2960 673 606 1109 1275 
2961 966 1223 1028 1329 
2962 405 985 363 1317 
2963 957 1145 939 1215 
2964 866 917 1328 1333 
2965 188 222 236 1116 
2966 145 1147 595 1203 
2967 923 173 1146 1320 
2968 782 1118 783 1236 
2969 799 756 743 804 
2970 289 259 309 1326 
2971 278 316 287 1043 
2972 488 456 452 1087 
2973 996 1111 1267 1321 
2974 1092 1194 181 1350 
2975 243 893 231 226 
2976 268 1181 301 1237 
2977 980 1157 1061 1253 
2978 502 472 1187 1261 
2979 349 401 394 1295 
2980 794 710 1098 1189 
2981 616 1138 599 1267 
2982 984 1180 1049 1242 
2983 768 794 709 795 
2984 839 865 1106 1354 
2985 1002 1174 1254 1309 
2986 1025 1217 362 1294 
2987 979 1079 1213 1364 
2988 443 1155 445 1336 
2989 316 278 328 1359 
2990 807 757 255 1210 
2991 1046 1173 976 1317 
2992 504 446 462 1067 
2993 68 382 348 297 
2994 154 155 755 1197 
2995 288 281 1061 1326 
2996 225 204 252 1047 
2997 214 1136 215 1167 
2998 807 828 757 1210 
2999 774 814 770 1337 
3000 195 1140 201 1283 
3001 319 732 694 1322 
3002 673 1109 606 1233 
3003 368 960 350 1238 
3004 673 149 679 1233 
3005 493 478 504 1063 
3006 213 1018 1167 1346 
3007 152 153 760 1149 
3008 1018 1190 997 1285 
3009 749 737 729 1100 
3010 176 1014 947 1238 
3011 673 1109 682 1275 
3012 411 400 365 1345 
3013 363 985 1102 1317 
3014 980 1178 1160 1253 
3015 778 775 1184 1313 
3016 479 430 428 1137 
3017 527 1177 1040 1247 
3018 701 723 752 1304 
3019 967 1058 1185 1327 
3020 531 160 582 1094 
3021 1063 978 1174 1309 
3022 823 797 793 1303 
3023 521 513 562 1110 
3024 825 735 683 1313 
3025 197 238 228 1249 
3026 828 1210 807 1250 
3027 23 192 259 320 
3028 326 334 764 1181 
3029 505 455 847 1172 
3030 626 634 468 454 
3031 1061 1178 980 1253 
3032 550 584 570 1090 
3033 284 291 643 1234 
3034 235 1277 1176 1350 
3035 1101 1301 1027 1337 
3036 928 923 15 1153 
3037 278 287 276 1043 
3038 1068 242 1249 1352 
3039 180 652 238 1249 
3040 1052 982 1198 1316 
3041 627 56 667 290 
3042 552 916 852 1127 
3043 386 1107 681 1305 
3044 1008 1046 1143 1320 
3045 935 1222 1171 1258 
3046 1131 1249 989 1353 
3047 227 235 247 1348 
3048 509 594 575 869 
3049 812 782 1096 1301 
3050 175 1257 1133 1325 
3051 1037 152 1098 1186 
3052 929 1176 1277 1350 
3053 858 885 856 1167 
3054 1044 1205 966 1287 
3055 377 29 373 179 
3056 166 1228 1115 1230 
3057 1019 1093 1062 1162 
3058 162 1088 161 1129 
3059 785 830 720 811 
3060 951 934 1227 1291 
3061 496 612 649 1261 
3062 719 486 112 700 
3063 773 805 821 1193 
3064 717 1069 716 1204 
3065 1103 1180 961 1323 
3066 1040 1247 1177 1314 
3067 840 856 854 1221 
3068 227 225 1153 1348 
3069 1030 1167 856 1221 
3070 403 1021 372 1272 
3071 418 412 381 1298 
3072 841 371 1116 1356 
3073 244 1136 214 1296 
3074 830 763 720 811 
3075 955 1133 1053 1325 
3076 1125 1205 966 1294 
3077 217 471 246 898 
3078 723 396 88 354 
3079 1057 1255 996 1275 
3080 1243 1244 963 1308 
3081 632 618 620 1286 
3082 973 1360 1201 1364 
3083 522 577 1097 1311 
3084 1032 1297 1175 1319 
3085 545 576 541 1243 
3086 896 200 243 231 
3087 962 1185 1083 1297 
3088 452 1155 443 1336 
3089 963 1070 1240 1309 
3090 470 438 109 1057 
3091 193 206 1134 1350 
3092 532 1074 556 1312 
3093 881 518 911 882 
3094 807 1210 253 1250 
3095 813 1097 765 1311 
3096 167 166 1115 1230 
3097 349 1093 345 1295 
3098 816 1108 1236 1237 
3099 970 985 1171 1310 
3100 924 1200 1157 1368 
3101 362 361 1025 1294 
3102 439 1132 484 1190 
3103 148 1233 1236 1237 
3104 778 685 777 1313 
3105 1068 1165 242 1352 
3106 782 783 819 1236 
3107 225 1047 252 1288 
3108 1063 1243 1067 1299 
3109 667 425 660 290 
3110 643 291 602 671 
3111 444 493 476 1129 
3112 901 163 842 1177 
3113 776 1109 783 1118 
3114 1170 1198 982 1316 
3115 380 1173 1214 1317 
3116 429 433 485 1174 
3117 1086 1332 1162 1339 
3118 72 370 298 1206 
3119 92 733 690 1263 
3120 300 267 322 1108 
3121 975 1162 1086 1332 
3122 984 1226 1103 1242 
3123 929 1200 1176 1350 
3124 678 633 1057 1292 
3125 492 624 631 1292 
3126 712 1057 699 1255 
3127 764 820 708 1181 
3128 1066 1149 969 1186 
3129 595 145 613 1147 
3130 920 1095 860 1315 
3131 315 328 296 1038 
3132 380 1173 379 1214 
3133 702 745 733 1033 
3134 246 217 899 229 
3135 747 1181 708 1233 
3136 485 478 493 1063 
3137 840 889 1099 1198 
3138 192 23 207 320 
3139 1053 1225 955 1325 
3140 774 776 782 1321 
3141 835 327 64 1189 
3142 805 773 771 1196 
3143 1046 1298 1214 1317 
3144 1029 1307 1230 1358 
3145 985 1215 1171 1310 
3146 1076 1266 986 1341 
3147 144 642 1079 1341 
3148 1046 1214 1173 1317 
3149 1170 1218 1058 1316 
3150 946 1104 944 1361 
3151 1137 1190 449 1343 
3152 852 552 890 916 
3153 1184 1255 699 1275 
3154 802 832 827 1164 
3155 356 1102 985 1310 
3156 161 881 162 1129 
3157 270 274 266 1178 
3158 1154 1186 969 1359 
3159 151 1098 1043 1189 
3160 536 525 529 1115 
3161 1171 1222 994 1258 
3162 1020 1187 472 1261 
3163 1068 1131 1020 1353 
3164 1102 1215 985 1310 
3165 320 259 289 1191 
3166 1085 1201 1101 1327 
3167 1215 1216 1062 1310 
3168 888 1132 494 1330 
3169 304 280 297 1214 
3170 213 212 1018 1346 
3171 403 408 385 1290 
3172 139 607 672 1092 
3173 705 1202 1082 1282 
3174 1151 1153 1008 1199 
3175 54 639 263 637 
3176 988 1149 1066 1246 
3177 1091 1318 1045 1360 
3178 717 715 693 1069 
3179 983 1271 1297 1319 
3180 389 1033 366 1294 
3181 1037 1098 1043 1186 
3182 414 552 82 1127 
3183 184 1075 185 1352 
3184 484 1132 1018 1190 
3185 142 1161 1071 1234 
3186 1112 1297 1271 1319 
3187 860 1099 889 1315 
3188 776 1118 782 1321 
3189 973 1201 1101 1213 
3190 1060 1155 1002 1336 
3191 955 937 1225 1245 
3192 1070 992 1158 1240 
3193 924 1157 927 1368 
3194 928 1153 15 1348 
3195 839 877 166 1230 
3196 1068 989 1249 1353 
3197 430 429 428 1159 
3198 183 1075 1194 1352 
3199 382 68 280 297 
3200 152 1149 760 1186 
3201 288 270 312 1061 
3202 986 1213 1085 1323 
3203 431 433 429 1174 
3204 255 807 78 757 
3205 826 783 1233 1236 
3206 402 733 92 1263 
3207 817 803 773 1081 
3208 627 669 285 668 
3209 1023 1122 972 1329 
3210 262 1173 299 1214 
3211 1087 1267 615 1292 
3212 325 602 646 292 
3213 615 1267 633 1292 
3214 943 942 941 1169 
3215 398 404 958 368 
3216 167 1115 902 1366 
3217 231 897 387 1355 
3218 315 331 275 1273 
3219 372 404 1192 1351 
3220 794 758 737 796 
3221 157 756 158 1195 
3222 1080 1243 541 1244 
3223 979 1213 1076 1323 
3224 837 818 811 1074 
3225 1003 1115 1228 1230 
3226 397 897 387 249 
3227 878 846 537 1278 
3228 777 685 735 1313 
3229 144 145 595 1203 
3230 979 1213 1085 1220 
3231 1137 1235 984 1343 
3232 980 1160 1056 1279 
3233 520 525 1247 1357 
3234 694 711 1189 1322 
3235 946 1227 1104 1361 
3236 192 306 24 259 
3237 318 298 337 1322 
3238 215 237 191 1136 
3239 1272 1304 974 1305 
3240 513 520 515 1357 
3241 407 1014 1238 1262 
3242 1084 993 1300 1303 
3243 712 470 109 1057 
3244 874 1064 892 1367 
3245 405 1298 985 1317 
3246 535 848 588 910 
3247 283 601 647 669 
3248 684 1184 699 1275 
3249 211 603 451 1187 
3250 441 1015 1235 1286 
3251 969 1021 1245 1290 
3252 1194 1277 233 1350 
3253 269 316 1065 1206 
3254 729 737 710 1098 
3255 1160 1178 1001 1253 
3256 448 619 650 1209 
3257 992 1198 1052 1314 
3258 521 1115 525 1357 
3259 468 634 58 454 
3260 938 1215 1102 1216 
3261 684 682 683 1313 
3262 516 578 1139 1231 
3263 673 606 149 1233 
3264 1002 1254 1070 1309 
3265 571 524 549 1205 
3266 727 706 1100 1202 
3267 812 819 781 1096 
3268 372 1021 1192 1272 
3269 654 730 678 1275 
3270 1085 1269 1058 1327 
3271 1075 1212 999 1338 
3272 489 496 649 1261 
3273 435 430 436 1137 
3274 390 1116 371 1356 
3275 230 199 248 1183 
3276 878 879 852 559 
3277 952 942 953 1072 
3278 525 567 883 543 
3279 509 42 187 218 
3280 432 466 639 638 
3281 508 510 810 1231 
3282 453 443 452 1224 
3283 187 229 41 566 
3284 1062 1310 1216 1345 
3285 194 237 1095 1338 
3286 700 714 715 1204 
3287 761 799 697 692 
3288 866 917 1333 1362 
3289 462 1067 446 1340 
3290 457 484 1018 1207 
3291 88 701 396 723 
3292 425 621 463 667 
3293 701 752 711 1322 
3294 1101 1201 1085 1213 
3295 524 85 378 553 
3296 997 1132 1268 1330 
3297 212 1207 1018 1346 
3298 503 459 161 1129 
3299 355 395 400 1345 
3300 840 163 164 1128 
3301 203 222 252 1113 
3302 311 292 646 1134 
3303 811 720 722 689 
3304 889 860 857 1099 
3305 72 298 269 1206 
3306 772 770 771 1337 
3307 482 488 452 1182 
3308 552 878 554 1278 
3309 1086 1156 1032 1319 
3310 732 319 318 1322 
3311 361 366 376 1125 
3312 1043 969 1186 1359 
3313 142 1234 1071 1274 
3314 522 577 510 1097 
3315 1001 1178 1061 1253 
3316 957 1062 1145 1215 
3317 471 481 246 898 
3318 744 693 718 1255 
3319 618 595 1266 1341 
3320 853 1307 1144 1354 
3321 181 1249 182 1352 
3322 336 280 304 1183 
3323 415 406 188 1116 
3324 591 921 879 561 
3325 611 609 612 1261 
3326 1289 1326 1036 1368 
3327 476 1129 493 1299 
3328 623 624 492 1292 
3329 1018 1221 1030 1285 
3330 287 1043 316 1206 
3331 449 1137 479 1190 
3332 699 1057 730 1275 
3333 998 1188 1144 1367 
3334 554 550 517 1127 
3335 1031 1225 1053 1325 
3336 756 799 697 1195 
3337 542 533 531 1094 
3338 978 1070 1254 1309 
3339 860 857 1099 1315 
3340 681 386 90 724 
3341 663 598 308 640 
3342 301 313 605 1181 
3343 273 285 647 600 
3344 294 269 316 1065 
3345 1157 1253 927 1368 
3346 387 897 231 249 
3347 362 1025 353 1217 
3348 700 460 111 467 
3349 235 233 1277 1350 
3350 1020 1131 1059 1353 
3351 685 777 838 778 
3352 1023 1122 1072 1229 
3353 142 643 1234 1274 
3354 608 141 596 1163 
3355 250 227 225 1153 
3356 589 568 689 1074 
3357 229 534 41 566 
3358 396 408 354 1026 
3359 147 1236 1108 1237 
3360 1152 1271 1090 1287 
3361 587 246 481 899 
3362 243 876 1334 1363 
3363 1000 1185 1104 1291 
3364 1059 1239 1017 1324 
3365 1079 1213 1147 1341 
3366 1085 1213 1201 1220 
3367 1142 1302 998 1331 
3368 181 193 1092 1350 
3369 527 538 528 1177 
3370 1021 969 1245 1260 
3371 152 760 780 1186 
3372 1003 1228 1052 1230 
3373 996 1255 1184 1275 
3374 1075 1194 929 1277 
3375 1067 1243 963 1308 
3376 1206 1290 1043 1359 
3377 696 799 743 804 
3378 872 900 566 863 
3379 1028 1223 1023 1329 
3380 806 804 739 791 
3381 892 843 873 1188 
3382 287 319 1189 1322 
3383 1201 1360 1051 1364 
3384 237 189 191 1165 
3385 317 312 284 1071 
3386 1003 1230 1052 1358 
3387 296 1154 271 1250 
3388 196 203 204 1105 
3389 714 712 718 1255 
3390 377 1113 411 1288 
3391 957 938 950 1215 
3392 862 1307 853 1354 
3393 1147 1203 1079 1341 
3394 359 1238 1025 1262 
3395 648 610 632 1123 
3396 553 85 378 389 
3397 1008 1146 1046 1320 
3398 717 716 715 1204 
3399 250 225 221 1199 
3400 635 463 432 636 
3401 437 443 445 1336 
3402 1104 1148 944 1361 
3403 1038 969 1342 1359 
3404 487 1087 456 1209 
3405 1122 1025 1262 1329 
3406 1039 1126 982 1219 
3407 556 1074 523 1311 
3408 502 612 496 1261 
3409 1104 1185 1032 1291 
3410 724 386 90 383 
3411 989 1075 1179 1352 
3412 989 1068 1249 1352 
3413 252 222 179 1113 
3414 427 444 424 1088 
3415 516 508 578 1231 
3416 1022 1166 1127 1278 
3417 218 509 43 178 
3418 347 346 345 1093 
3419 1068 1249 1131 1353 
3420 1000 1148 1124 1291 
3421 419 360 340 1166 
3422 148 1181 1233 1237 
3423 609 1131 608 1324 
3424 1000 1032 1185 1291 
3425 392 409 360 1265 
3426 1014 1192 369 1238 
3427 845 902 536 903 
3428 247 1277 232 1348 
3429 959 955 1225 1325 
3430 1075 1165 999 1179 
3431 668 647 285 600 
3432 243 200 876 1363 
3433 37 212 490 198 
3434 545 541 540 1299 
3435 694 711 1098 1189 
3436 366 1125 361 1294 
3437 418 388 1151 1199 
3438 861 219 220 240 
3439 815 1181 268 1237 
3440 641 642 632 1248 
3441 392 517 83 374 
3442 549 583 571 1205 
3443 424 426 427 1330 
3444 318 337 750 1322 
3445 474 494 888 1132 
3446 518 881 842 882 
3447 1052 1314 1228 1335 
3448 857 1136 1030 1315 
3449 533 583 551 1048 
3450 981 1308 1067 1340 
3451 758 800 749 737 
3452 1049 1242 1180 1254 
3453 682 673 679 1109 
3454 937 945 1225 1245 
3455 810 827 798 1231 
3456 548 83 517 374 
3457 902 167 845 1115 
3458 480 664 438 631 
3459 556 523 555 1311 
3460 272 260 273 1078 
3461 1051 1141 172 1220 
3462 1043 1206 1026 1290 
3463 418 367 388 1199 
3464 686 687 822 778 
3465 174 1124 1229 1257 
3466 221 1199 225 1288 
3467 1025 1122 1072 1329 
3468 680 834 725 124 
3469 1027 1321 1111 1337 
3470 961 1058 1170 1218 
3471 888 851 909 1132 
3472 527 520 1247 1357 
3473 434 452 443 1336 
3474 727 1100 729 1304 
3475 480 631 624 628 
3476 766 151 780 1186 
3477 1153 1183 1008 1199 
3478 395 346 352 1345 
3479 897 906 397 848 
3480 1044 1152 1090 1287 
3481 1160 1279 1051 1360 
3482 1002 1070 1208 1309 
3483 293 269 294 1065 
3484 883 884 572 844 
3485 618 642 595 1341 
3486 926 932 1016 1142 
3487 1025 1169 943 1238 
3488 460 112 486 700 
3489 232 186 185 1277 
3490 759 805 779 1256 
3491 861 917 869 1362 
3492 449 436 1137 1343 
3493 924 922 927 1253 
3494 728 1211 704 1280 
3495 1028 158 1223 1270 
3496 797 158 762 1223 
3497 807 255 253 1210 
3498 158 1028 1195 1211 
3499 1051 1279 1160 1364 
3500 377 373 411 1113 
3501 646 139 675 1134 
3502 575 43 509 178 
3503 451 658 502 1187 
3504 1191 1036 1326 1368 
3505 195 201 196 1283 
3506 1036 1176 1289 1368 
3507 139 646 140 1134 
3508 472 1261 442 1343 
3509 1043 1206 287 1322 
3510 1053 1197 1031 1325 
3511 446 1060 445 1340 
3512 969 1245 1073 1342 
3513 574 725 702 1094 
3514 961 1085 1218 1323 
3515 810 510 131 765 
3516 198 499 38 505 
3517 1005 1031 1197 1325 
3518 996 1313 1184 1321 
3519 749 1100 706 1282 
3520 1046 1146 1008 1298 
3521 353 1169 1025 1238 
3522 925 1105 931 1212 
3523 974 1133 1053 1260 
3524 731 719 716 1252 
3525 901 546 539 1177 
3526 888 118 474 847 
3527 1123 984 1235 1343 
3528 918 881 518 891 
3529 233 181 1194 1350 
3530 973 1279 1360 1364 
3531 488 456 1087 1209 
3532 833 1154 766 1250 
3533 380 1214 1298 1317 
3534 1150 1253 1001 1320 
3535 1147 1213 986 1341 
3536 519 576 545 1067 
3537 808 834 680 590 
3538 214 215 213 1167 
3539 199 1183 209 1199 
3540 964 1179 1055 1241 
3541 662 640 301 605 
3542 722 742 786 787 
3543 584 1042 1278 1366 
3544 164 1247 165 1314 
3545 874 1116 1064 1367 
3546 1045 1246 1091 1301 
3547 1053 1245 969 1260 
3548 302 308 598 640 
3549 539 1177 527 1247 
3550 42 187 566 509 
3551 951 1227 1032 1291 
3552 188 236 1064 1116 
3553 519 105 558 462 
3554 360 1265 409 1295 
3555 1025 1169 353 1217 
3556 257 256 1210 1365 
3557 479 439 484 1190 
3558 1051 1360 1279 1364 
3559 223 1334 870 1363 
3560 222 373 29 179 
3561 62 334 326 1181 
3562 764 815 820 1181 
3563 722 785 720 811 
3564 532 563 558 1252 
3565 968 1112 1319 1349 
3566 809 709 63 829 
3567 1086 1175 1032 1227 
3568 1002 1174 1309 1336 
3569 825 783 776 1109 
3570 271 296 278 1154 
3571 820 1181 815 1237 
3572 959 174 955 1325 
3573 644 321 598 302 
3574 198 214 213 1167 
3575 1124 1257 1005 1281 
3576 273 286 600 1168 
3577 744 699 1184 1255 
3578 268 300 815 1237 
3579 765 130 818 1311 
3580 457 484 490 1018 
3581 178 575 44 223 
3582 983 1032 1156 1319 
3583 367 393 27 1199 
3584 306 333 280 1183 
3585 782 819 812 1096 
3586 937 1054 1245 1351 
3587 784 743 756 786 
3588 351 1216 1102 1310 
3589 403 408 1021 1272 
3590 156 799 157 1195 
3591 487 623 492 1292 
3592 709 335 835 809 
3593 617 650 619 1209 
3594 758 831 800 737 
3595 881 518 891 911 
3596 1003 1335 1228 1357 
3597 998 1302 1188 1367 
3598 440 1123 447 1286 
3599 1068 1285 964 1353 
3600 314 273 260 1168 
3601 348 382 381 1214 
3602 950 1062 1215 1216 
3603 499 37 490 198 
3604 814 812 760 1246 
3605 376 402 92 1263 
3606 162 851 161 1088 
3607 710 758 737 794 
3608 446 437 445 1060 
3609 402 366 389 1033 
3610 878 852 552 559 
3611 1147 986 1266 1341 
3612 470 453 500 1224 
3613 680 784 767 721 
3614 792 1074 811 1232 
3615 367 27 221 1199 
3616 556 1074 1311 1312 
3617 291 602 292 1274 
3618 995 1163 1092 1200 
3619 595 1147 613 1266 
3620 691 822 806 817 
3621 416 1192 369 1272 
3622 394 420 1217 1265 
3623 563 1244 1067 1312 
3624 955 937 945 1225 
3625 790 788 791 1069 
3626 428 1159 427 1330 
3627 1155 1182 1002 1336 
3628 518 459 565 1129 
3629 809 63 75 764 
3630 201 1140 1064 1283 
3631 1141 1157 980 1253 
3632 311 646 675 1134 
3633 392 374 409 1265 
3634 878 1127 170 1278 
3635 675 20 655 311 
3636 197 1068 242 1249 
3637 557 1311 1244 1312 
3638 841 887 98 1356 
3639 286 314 338 1168 
3640 973 1079 1203 1279 
3641 1002 1182 1174 1336 
3642 824 795 708 695 
3643 862 839 853 1307 
3644 921 880 591 879 
3645 359 407 1014 1238 
3646 608 1163 596 1324 
3647 542 574 573 1094 
3648 350 1169 353 1238 
3649 797 823 759 1256 
3650 578 526 551 1139 
3651 176 368 1192 1238 
3652 1050 999 1212 1338 
3653 644 145 600 1168 
3654 406 30 188 222 
3655 810 798 1139 1231 
3656 543 845 536 903 
3657 1032 1104 987 1185 
3658 635 627 463 625 
3659 634 264 58 303 
3660 827 1164 832 1347 
3661 507 462 519 1067 
3662 144 595 642 1341 
3663 535 890 910 552 
3664 622 475 619 650 
3665 970 1215 1062 1310 
3666 145 144 1168 1203 
3667 937 958 1054 1351 
3668 978 1240 1070 1309 
3669 436 479 449 1137 
3670 684 744 699 1184 
3671 1201 1220 1213 1364 
3672 838 801 687 778 
3673 1001 1253 1061 1289 
3674 149 1181 747 1233 
3675 630 629 454 303 
3676 818 523 589 1074 
3677 954 938 936 1102 
3678 1188 1302 1009 1367 
3679 979 1213 1220 1364 
3680 852 879 535 559 
3681 1069 981 1121 1232 
3682 321 644 338 302 
3683 1082 1195 1028 1280 
3684 443 491 445 1155 
3685 155 761 156 1282 
3686 435 441 482 1235 
3687 584 529 1042 1366 
3688 683 735 825 695 
3689 264 634 468 660 
3690 1048 966 1205 1287 
3691 764 334 815 1181 
3692 223 1334 239 1362 
3693 815 300 77 757 
3694 761 697 698 692 
3695 452 456 453 1224 
3696 812 814 782 1301 
3697 1063 1011 1243 1299 
3698 735 685 683 1313 
3699 560 587 899 534 
3700 769 814 760 1246 
3701 995 1191 1176 1350 
3702 82 392 375 1127 
3703 170 171 850 1166 
3704 996 1267 1118 1321 
3705 995 1200 1176 1368 
3706 165 166 1228 1247 
3707 886 885 908 1296 
3708 378 420 423 1294 
3709 698 1082 703 1195 
3710 348 380 379 1214 
3711 109 730 712 1057 
3712 1196 1269 1012 1327 
3713 560 115 891 849 
3714 799 692 806 696 
3715 173 926 932 1016 
3716 226 188 1116 1355 
3717 970 1215 1171 1331 
3718 142 143 1161 1234 
3719 992 1135 1158 1335 
3720 820 829 764 708 
3721 426 888 119 494 
3722 695 683 679 1109 
3723 502 496 472 1261 
3724 290 667 627 668 
3725 874 907 894 1116 
3726 997 1190 1137 1226 
3727 826 820 816 1237 
3728 521 520 513 1357 
3729 223 575 44 514 
3730 778 775 803 1184 
3731 492 631 438 1292 
3732 148 605 1181 1237 
3733 147 146 598 1108 
3734 968 1156 1086 1319 
3735 283 291 284 1234 
3736 459 565 102 498 
3737 839 1307 862 1354 
3738 839 167 853 1230 
3739 264 321 665 645 
3740 541 593 569 1080 
3741 151 1098 152 1186 
3742 525 845 536 543 
3743 929 1200 924 1368 
3744 300 302 267 1108 
3745 867 1328 1140 1333 
3746 30 406 373 222 
3747 1152 1156 1072 1339 
3748 495 1190 484 1207 
3749 981 1060 1308 1340 
3750 710 768 794 709 
3751 385 408 396 1026 
3752 191 1165 242 1346 
3753 853 168 843 1344 
3754 193 206 245 1134 
3755 756 743 697 799 
3756 552 554 1127 1278 
3757 808 123 720 763 
3758 1157 1200 995 1368 
3759 500 438 1057 1292 
3760 690 733 728 1263 
3761 734 761 801 1282 
3762 385 370 384 1206 
3763 383 91 724 1263 
3764 494 1132 439 1330 
3765 458 507 545 1299 
3766 1144 1188 975 1344 
3767 692 761 799 806 
3768 743 756 697 1195 
3769 978 1088 1159 1268 
3770 1018 1167 1030 1221 
3771 249 397 906 588 
3772 232 1105 204 1348 
3773 350 347 349 1169 
3774 1079 980 1279 1364 
3775 725 741 767 680 
3776 1023 1257 1124 1281 
3777 444 476 503 1129 
3778 551 586 516 1139 
3779 961 1218 1103 1323 
3780 458 504 507 1299 
3781 529 525 521 1115 
3782 942 1072 952 1339 
3783 663 264 634 303 
3784 426 428 427 1330 
3785 972 1122 1262 1329 
3786 797 759 157 1223 
3787 520 521 525 1357 
3788 559 878 537 1278 
3789 1086 1032 1175 1319 
3790 186 235 233 1277 
3791 952 1072 953 1229 
3792 1004 1307 1106 1354 
3793 426 888 494 1330 
3794 738 705 724 1107 
3795 399 1173 380 1317 
3796 987 1032 1175 1227 
3797 176 1192 1014 1238 
3798 711 752 729 1304 
3799 1102 1216 1215 1310 
3800 695 747 708 1233 
3801 441 1235 440 1286 
3802 1244 1311 1010 1312 
3803 741 784 743 1211 
3804 922 923 1289 1320 
3805 448 619 475 650 
3806 705 706 1202 1282 
3807 650 475 487 623 
3808 401 360 409 1295 
3809 959 944 18 1148 
3810 865 920 877 1106 
3811 709 835 64 1189 
3812 1146 1151 1008 1298 
3813 592 86 389 422 
3814 186 233 1194 1277 
3815 454 629 58 303 
3816 852 916 171 1127 
3817 128 581 123 763 
3818 145 146 613 1306 
3819 883 844 567 1247 
3820 692 801 761 822 
3821 22 254 207 320 
3822 993 1208 1193 1269 
3823 201 1064 236 1283 
3824 226 1064 201 1140 
3825 766 828 807 1250 
3826 1038 1342 1065 1359 
3827 570 530 586 1284 
3828 199 209 250 1199 
3829 755 1130 770 1293 
3830 989 1194 1092 1200 
3831 838 688 777 685 
3832 448 483 619 1286 
3833 710 768 709 1189 
3834 920 917 861 1095 
3835 810 836 508 578 
3836 158 1195 756 1211 
3837 410 887 342 1264 
3838 1072 1156 952 1339 
3839 617 1209 619 1286 
3840 136 664 108 597 
3841 262 295 299 1173 
3842 569 528 541 1080 
3843 328 278 296 1154 
3844 743 756 704 1211 
3845 865 917 920 1095 
3846 1085 967 1201 1327 
3847 838 687 685 778 
3848 688 800 831 737 
3849 480 597 664 631 
3850 1034 1148 1104 1361 
3851 768 835 709 1189 
3852 1137 1226 1190 1343 
3853 394 409 420 1265 
3854 995 1176 1200 1350 
3855 599 146 147 1306 
3856 1152 1156 968 1271 
3857 394 353 1169 1217 
3858 226 1140 202 1334 
3859 254 339 317 1134 
3860 505 499 455 1172 
3861 974 1260 1037 1304 
3862 1081 1184 996 1255 
3863 368 17 398 350 
3864 149 606 148 1233 
3865 907 850 887 1356 
3866 197 216 242 1068 
3867 359 407 1238 1262 
3868 851 915 161 1088 
3869 756 1195 704 1211 
3870 841 390 371 1356 
3871 658 477 603 451 
3872 250 209 227 1153 
3873 952 1156 1072 1229 
3874 142 143 641 1161 
3875 214 198 217 1172 
3876 903 871 544 575 
3877 165 883 166 1247 
3878 686 1184 684 1313 
3879 361 353 362 1025 
3880 602 141 140 1274 
3881 962 1112 1276 1358 
3882 1067 1308 1060 1340 
3883 878 537 846 559 
3884 620 464 648 447 
3885 925 1075 929 1277 
3886 826 816 1236 1237 
3887 358 356 405 1310 
3888 141 643 142 1274 
3889 244 215 214 1136 
3890 183 184 185 1352 
3891 34 50 656 603 
3892 924 16 172 1141 
3893 932 931 15 1331 
3894 1184 1313 775 1321 
3895 1068 1285 1207 1346 
3896 342 410 914 887 
3897 351 398 357 1102 
3898 673 654 606 1275 
3899 1008 1214 1046 1298 
3900 841 1116 907 1356 
3901 508 810 510 131 
3902 262 299 297 1214 
3903 217 198 38 505 
3904 593 1080 541 1244 
3905 1253 1289 1001 1320 
3906 622 468 660 425 
3907 181 233 193 1350 
3908 840 889 857 1099 
3909 1036 1191 1176 1368 
3910 208 224 235 1176 
3911 177 193 245 1092 
3912 1000 1104 1148 1291 
3913 608 611 607 1131 
3914 1150 1160 1001 1253 
3915 473 558 105 462 
3916 839 1230 853 1307 
3917 670 291 601 643 
3918 977 1158 1135 1335 
3919 969 1260 1021 1290 
3920 796 825 735 695 
3921 904 884 572 883 
3922 449 472 442 1343 
3923 552 910 535 852 
3924 1111 1321 772 1337 
3925 867 895 875 1140 
3926 679 149 747 1233 
3927 183 1194 181 1352 
3928 585 748 532 1252 
3929 1075 989 1194 1352 
3930 401 349 345 1295 
3931 474 455 490 1172 
3932 997 1190 1226 1285 
3933 846 902 537 1366 
3934 448 650 487 1209 
3935 843 1188 1144 1344 
3936 216 242 1068 1346 
3937 649 648 464 489 
3938 572 883 844 567 
3939 678 606 654 1275 
3940 872 842 546 901 
3941 933 1229 1124 1291 
3942 148 1181 149 1233 
3943 698 761 734 1282 
3944 536 537 902 1366 
3945 902 537 536 564 
3946 282 309 304 1143 
3947 34 50 251 656 
3948 345 349 347 1093 
3949 673 682 654 1275 
3950 159 1211 1094 1270 
3951 532 556 563 1312 
3952 969 1290 1342 1359 
3953 497 49 604 656 
3954 685 686 684 1313 
3955 632 1123 610 1248 
3956 429 427 428 1159 
3957 973 1213 1079 1364 
3958 221 28 367 1288 
3959 934 951 933 1291 
3960 846 537 902 564 
3961 560 911 518 882 
3962 27 393 199 1199 
3963 705 1082 698 1282 
3964 512 522 510 1097 
3965 284 643 291 1274 
3966 55 635 463 432 
3967 894 897 906 1355 
3968 987 1104 1032 1227 
3969 788 789 787 1232 
3970 263 432 54 637 
3971 619 621 483 622 
3972 292 1134 317 1274 
3973 774 772 1321 1337 
3974 767 741 784 680 
3975 851 1132 888 1330 
3976 517 392 82 1127 
3977 686 693 744 1184 
3978 492 480 631 624 
3979 944 1104 18 1148 
3980 1228 1247 1115 1357 
3981 732 319 65 318 
3982 909 855 886 1172 
3983 1165 1179 1075 1352 
3984 601 142 643 1234 
3985 932 926 931 1142 
3986 376 92 690 1263 
3987 601 324 291 670 
3988 617 619 618 1286 
3989 1025 1238 1122 1262 
3990 212 216 1207 1346 
3991 379 399 341 1173 
3992 898 505 117 847 
3993 675 205 311 1134 
3994 351 1102 356 1310 
3995 1020 1190 1207 1285 
3996 851 1088 1268 1330 
3997 984 1226 1137 1343 
3998 409 374 420 1265 
3999 108 136 597 753 
4000 37 212 457 490 
4001 442 1123 440 1343 
4002 820 829 708 795 
4003 293 295 262 1173 
4004 425 660 622 667 
4005 509 900 566 572 
4006 352 1216 351 1310 
4007 22 254 206 207 
4008 648 636 649 464 
4009 598 665 321 644 
4010 576 1067 563 1244 
4011 555 818 130 1311 
4012 353 1025 359 1238 
4013 173 1016 932 1331 
4014 770 755 771 1130 
4015 27 199 221 1199 
4016 995 1200 1092 1350 
4017 651 622 475 468 
4018 182 1249 242 1352 
4019 1003 1349 1230 1358 
4020 377 367 28 1288 
4021 539 844 547 901 
4022 705 754 1107 1202 
4023 1122 1238 1014 1262 
4024 352 1310 365 1345 
4025 379 380 399 1173 
4026 761 734 801 692 
4027 743 704 756 1195 
4028 713 438 108 664 
4029 825 1109 776 1313 
4030 426 494 439 1330 
4031 99 914 410 887 
4032 463 627 635 310 
4033 1029 1230 1349 1358 
4034 627 463 625 621 
4035 556 1311 555 1312 
4036 368 369 1192 1238 
4037 454 59 630 303 
4038 923 922 173 1150 
4039 983 1297 1032 1319 
4040 78 253 807 255 
4041 949 952 951 1339 
4042 787 792 811 1232 
4043 634 58 264 468 
4044 692 799 697 696 
4045 364 399 363 1317 
4046 15 923 173 1146 
4047 475 619 483 622 
4048 153 800 154 1100 
4049 979 1085 1213 1323 
4050 403 364 404 1054 
4051 439 428 426 1330 
4052 838 801 734 687 
4053 1028 1211 158 1270 
4054 461 1187 495 1207 
4055 892 1188 873 1367 
4056 762 158 159 1270 
4057 764 829 63 708 
4058 778 777 775 1313 
4059 299 295 329 1273 
4060 390 406 371 1116 
4061 989 1324 1131 1353 
4062 418 388 412 1151 
4063 204 232 196 1105 
4064 163 840 854 1128 
4065 148 640 605 1237 
4066 839 862 865 1354 
4067 867 1334 868 1362 
4068 900 547 572 844 
4069 279 646 655 311 
4070 820 815 816 1237 
4071 737 758 831 796 
4072 725 574 582 1094 
4073 798 836 810 1139 
4074 800 838 688 831 
4075 596 609 608 1324 
4076 929 1176 1200 1368 
4077 400 406 390 1356 
4078 313 674 605 1181 
4079 540 1129 565 1299 
4080 1061 1191 1326 1368 
4081 654 678 730 664 
4082 697 698 703 1195 
4083 346 347 351 1216 
4084 91 690 724 1263 
4085 1038 1120 1117 1273 
4086 997 1226 1137 1242 
4087 1253 1289 927 1368 
4088 932 1142 931 1331 
4089 209 199 230 1183 
4090 287 1206 298 1322 
4091 976 1120 1073 1342 
4092 927 929 924 1368 
4093 617 616 650 1209 
4094 177 181 193 1092 
4095 997 1268 1159 1330 
4096 633 631 624 1292 
4097 734 749 706 1282 
4098 424 915 426 1330 
4099 65 694 319 732 
4100 629 662 663 303 
4101 55 432 263 637 
4102 1009 1302 1062 1345 
4103 950 1215 938 1216 
4104 475 651 469 623 
4105 1033 1205 1125 1294 
4106 287 318 319 1322 
4107 938 1102 954 1216 
4108 609 611 608 1131 
4109 434 431 482 1182 
4110 955 175 956 1133 
4111 923 922 1150 1320 
4112 970 1310 1062 1345 
4113 552 878 559 554 
4114 968 1271 1156 1319 
4115 1003 1276 1112 1358 
4116 1018 1285 1030 1346 
4117 164 844 165 1247 
4118 822 691 687 686 
4119 1125 1262 1025 1329 
4120 731 532 748 1252 
4121 221 367 1199 1288 
4122 804 696 806 739 
4123 799 743 697 696 
4124 165 1247 1228 1314 
4125 794 152 151 1098 
4126 175 1133 955 1325 
4127 993 1193 1208 1300 
4128 221 179 28 1288 
4129 721 786 785 722 
4130 342 887 914 1264 
4131 57 660 425 290 
4132 601 283 324 669 
4133 983 1156 1271 1319 
4134 507 504 462 1067 
4135 171 170 1127 1166 
4136 979 1220 1141 1364 
4137 584 550 554 1278 
4138 639 54 466 432 
4139 410 914 99 342 
4140 853 1144 1307 1344 
4141 776 783 782 1118 
4142 623 615 624 1292 
4143 119 888 426 915 
4144 230 192 209 1183 
4145 838 688 831 777 
4146 501 135 597 661 
4147 574 573 702 125 
4148 804 786 742 788 
4149 489 447 440 1123 
4150 1104 1227 934 1291 
4151 624 469 480 628 
4152 359 1014 369 1238 
4153 597 664 108 480 
4154 174 1257 175 1325 
4155 784 743 786 721 
4156 546 538 539 1177 
4157 970 1145 1062 1215 
4158 765 555 130 1311 
4159 468 634 651 660 
4160 235 1176 224 1350 
4161 359 1025 361 1262 
4162 915 1088 851 1330 
4163 698 734 761 692 
4164 600 145 144 1168 
4165 1014 972 1122 1262 
4166 1037 1260 1026 1304 
4167 725 1094 741 1211 
4168 174 175 955 1325 
4169 180 182 181 1249 
4170 156 759 779 1281 
4171 922 927 1253 1289 
4172 924 172 922 1141 
4173 608 140 141 1163 
4174 581 122 689 589 
4175 709 794 726 795 
4176 688 838 687 685 
4177 1137 1226 984 1242 
4178 767 808 834 680 
4179 301 268 313 1181 
4180 149 148 605 1181 
4181 307 258 266 1365 
4182 412 388 358 1151 
4183 883 904 845 543 
4184 254 320 339 1191 
4185 712 730 699 1057 
4186 179 377 28 1288 
4187 619 1209 448 1286 
4188 735 831 688 777 
4189 866 867 868 1362 
4190 872 580 919 566 
4191 835 768 709 809 
4192 612 609 649 1261 
4193 872 546 547 901 
4194 489 1123 442 1261 
4195 634 651 626 468 
4196 289 288 339 1191 
4197 527 539 538 1177 
4198 768 709 829 795 
4199 390 98 841 371 
4200 841 98 390 1356 
4201 646 677 602 325 
4202 380 1214 381 1298 
4203 1023 1229 1124 1257 
4204 289 288 1191 1326 
4205 87 750 417 396 
4206 518 891 911 560 
4207 565 459 476 1129 
4208 973 1079 1279 1364 
4209 420 362 1217 1294 
4210 658 477 656 603 
4211 264 665 663 634 
4212 351 352 346 1216 
4213 406 1116 390 1356 
4214 440 435 436 1235 
4215 148 614 147 1236 
4216 627 310 290 668 
4217 476 565 1129 1299 
4218 442 440 436 1343 
4219 852 171 170 1127 
4220 694 732 711 1322 
4221 500 453 456 1224 
4222 765 555 577 130 
4223 716 719 700 1204 
4224 195 202 1140 1333 
4225 183 181 182 1352 
4226 845 167 166 1115 
4227 80 95 848 535 
4228 284 312 272 1234 
4229 796 726 795 695 
4230 1030 1167 1018 1346 
4231 1244 1308 1067 1312 
4232 702 574 125 725 
4233 818 555 523 1311 
4234 720 680 808 830 
4235 215 240 237 1136 
4236 487 492 456 1292 
4237 725 745 1094 1211 
4238 446 445 450 1340 
4239 185 189 190 1338 
4240 648 625 464 620 
4241 609 610 649 1261 
4242 457 495 484 1207 
4243 264 660 290 645 
4244 30 188 415 406 
4245 732 318 750 1322 
4246 727 754 706 1202 
4247 656 477 34 603 
4248 273 314 286 1168 
4249 244 220 215 1136 
4250 816 819 826 1236 
4251 664 438 108 480 
4252 940 946 944 1361 
4253 324 601 669 670 
4254 646 659 677 279 
4255 389 553 86 592 
4256 194 189 237 1338 
4257 10 171 916 419 
4258 1092 1200 1194 1350 
4259 1021 1245 1054 1351 
4260 1190 1226 1020 1343 
4261 862 867 866 1328 
4262 748 532 120 585 
4263 253 323 807 1250 
4264 703 704 1195 1280 
4265 834 680 590 124 
4266 150 8 276 271 
4267 1061 1253 1157 1368 
4268 178 223 239 1362 
4269 915 888 426 1330 
4270 708 829 709 795 
4271 1067 1244 1243 1308 
4272 188 1064 226 1116 
4273 354 1272 416 1305 
4274 706 1100 1202 1282 
4275 603 211 228 1187 
4276 404 364 357 1054 
4277 305 466 657 639 
4278 495 461 472 1187 
4279 706 729 727 1100 
4280 400 411 373 1113 
4281 205 206 21 1134 
4282 696 806 799 804 
4283 707 674 313 1181 
4284 531 526 13 160 
4285 543 904 845 903 
4286 211 451 35 1187 
4287 261 256 307 1365 
4288 552 517 82 1127 
4289 447 464 648 489 
4290 474 118 455 847 
4291 568 121 689 731 
4292 836 132 508 578 
4293 633 615 614 1267 
4294 56 627 310 290 
4295 842 546 579 518 
4296 154 801 155 1282 
4297 683 682 679 1109 
4298 506 585 473 1252 
4299 276 287 319 1189 
4300 857 860 1136 1315 
4301 660 468 57 425 
4302 1043 1186 1154 1359 
4303 334 268 815 1181 
4304 285 283 647 669 
4305 970 1145 1215 1331 
4306 299 304 297 1214 
4307 635 263 670 637 
4308 241 194 240 1095 
4309 853 843 1144 1344 
4310 1003 1228 1115 1357 
4311 159 158 784 1211 
4312 895 853 843 1144 
4313 215 220 240 1136 
4314 584 1278 537 1366 
4315 657 604 332 659 
4316 345 343 401 1295 
4317 352 351 356 1310 
4318 695 679 747 1233 
4319 228 210 197 1187 
4320 674 653 313 605 
4321 10 171 419 340 
4322 116 849 481 898 
4323 1065 1342 1290 1359 
4324 253 255 256 1210 
4325 972 1262 1125 1329 
4326 1072 1122 1023 1329 
4327 1062 1145 970 1302 
4328 559 554 878 1278 
4329 59 630 303 330 
4330 558 473 585 1252 
4331 617 595 613 1266 
4332 103 565 476 1299 
4333 318 287 298 1322 
4334 403 372 408 1272 
4335 603 477 34 451 
4336 454 630 59 501 
4337 612 649 465 496 
4338 737 831 735 796 
4339 921 561 591 1363 
4340 867 870 868 1334 
4341 846 537 1278 1366 
4342 804 756 743 786 
4343 311 205 21 1134 
4344 728 738 1263 1280 
4345 842 518 882 580 
4346 323 833 807 1250 
4347 283 273 285 647 
4348 18 944 934 1104 
4349 461 210 1187 1207 
4350 640 308 663 662 
4351 520 525 567 1247 
4352 376 407 1262 1263 
4353 503 12 424 161 
4354 1145 1302 1142 1331 
4355 822 734 801 687 
4356 522 557 555 1311 
4357 1026 1206 1043 1322 
4358 1007 1208 1193 1300 
4359 917 1095 865 1328 
4360 919 882 534 580 
4361 907 841 894 1116 
4362 211 603 34 451 
4363 163 901 164 1177 
4364 555 765 577 1311 
4365 687 686 685 778 
4366 1061 1326 1289 1368 
4367 800 688 749 737 
4368 857 860 859 1136 
4369 1228 1247 1040 1314 
4370 764 63 75 326 
4371 644 600 645 286 
4372 255 257 256 1210 
4373 563 576 519 1067 
4374 336 259 306 1183 
4375 358 365 352 1310 
4376 359 353 361 1025 
4377 630 628 597 501 
4378 850 1264 887 1356 
4379 147 148 1236 1237 
4380 172 926 173 1119 
4381 56 425 667 290 
4382 748 506 486 1252 
4383 595 1147 1266 1341 
4384 534 919 580 566 
4385 413 280 67 333 
4386 121 568 532 731 
4387 10 171 340 914 
4388 322 255 78 757 
4389 57 264 468 660 
4390 831 735 825 777 
4391 705 698 706 1282 
4392 1179 1259 989 1353 
4393 466 305 54 639 
4394 855 854 856 1221 
4395 900 572 884 844 
4396 703 1082 705 1280 
4397 750 87 701 396 
4398 330 630 653 661 
4399 737 726 794 796 
4400 410 887 1264 1356 
4401 857 859 858 1136 
4402 263 324 635 670 
4403 871 544 575 514 
4404 604 234 49 497 
4405 300 268 301 1237 
4406 625 463 636 464 
4407 572 904 883 543 
4408 159 158 1211 1270 
4409 414 890 81 552 
4410 335 835 64 709 
4411 135 501 736 661 
4412 687 801 822 778 
4413 498 518 101 891 
4414 381 380 348 1214 
4415 1125 1262 972 1263 
4416 392 419 375 1127 
4417 305 53 332 657 
4418 150 276 327 1189 
4419 871 902 536 564 
4420 308 302 301 640 
4421 397 96 897 848 
4422 621 625 620 483 
4423 131 510 577 765 
4424 867 1140 875 1334 
4425 658 666 657 477 
4426 625 464 620 483 
4427 469 492 623 624 
4428 463 56 627 310 
4429 1018 1207 1285 1346 
4430 371 841 1116 1355 
4431 692 734 801 822 
4432 731 532 120 748 
4433 242 1165 184 1352 
4434 186 233 183 1194 
4435 880 879 878 559 
4436 344 355 342 1264 
4437 903 902 536 544 
4438 118 888 474 494 
4439 312 270 265 1178 
4440 765 818 837 1311 
4441 535 81 95 890 
4442 1001 1289 1143 1320 
4443 254 21 206 1134 
4444 371 1116 415 1355 
4445 167 902 168 1366 
4446 768 151 150 1189 
4447 594 904 543 903 
4448 720 123 581 763 
4449 417 337 73 298 
4450 907 887 841 1356 
4451 488 487 456 1209 
4452 243 1334 223 1363 
4453 1141 1220 1051 1364 
4454 466 53 305 657 
4455 1010 1308 1244 1312 
4456 995 1176 1191 1368 
4457 568 556 532 1074 
4458 383 376 91 1263 
4459 968 1112 1271 1319 
4460 502 472 451 1187 
4461 430 479 436 1137 
4462 280 336 306 1183 
4463 438 470 500 1057 
4464 103 476 458 1299 
4465 311 325 646 292 
4466 310 635 55 263 
4467 359 407 369 1014 
4468 195 190 194 1338 
4469 1061 1289 1253 1368 
4470 388 377 411 1288 
4471 475 487 448 650 
4472 902 903 871 544 
4473 226 188 236 1064 
4474 835 150 327 1189 
4475 100 115 560 849 
4476 628 630 629 454 
4477 635 55 463 310 
4478 1201 1051 1220 1364 
4479 158 756 784 1211 
4480 240 194 237 1095 
4481 785 784 786 721 
4482 913 871 514 564 
4483 866 1328 867 1333 
4484 688 838 734 687 
4485 448 619 483 475 
4486 139 5 675 245 
4487 1003 1112 1349 1358 
4488 173 932 15 1331 
4489 702 725 745 1094 
4490 755 770 769 1293 
4491 581 122 720 689 
4492 874 892 873 1367 
4493 212 36 457 1207 
4494 681 1107 754 1305 
4495 688 735 777 685 
4496 943 960 176 1238 
4497 724 690 738 1263 
4498 655 19 604 279 
4499 654 682 673 138 
4500 20 675 205 311 
4501 655 47 20 675 
4502 35 461 210 1187 
4503 1159 1268 1088 1330 
4504 774 772 775 1321 
4505 14 747 149 674 
4506 273 285 600 286 
4507 626 469 624 628 
4508 291 325 602 671 
4509 846 1278 169 1366 
4510 439 494 474 1132 
4511 442 1261 1123 1343 
4512 227 204 225 1348 
4513 535 552 852 559 
4514 272 283 284 1234 
4515 508 511 510 1231 
4516 621 620 619 483 
4517 938 954 950 1216 
4518 18 1148 1104 1291 
4519 376 383 407 1263 
4520 855 856 1167 1221 
4521 680 741 784 721 
4522 600 668 645 286 
4523 594 903 544 575 
4524 497 604 332 657 
4525 805 759 823 1256 
4526 669 635 324 670 
4527 973 1201 1213 1364 
4528 775 1313 776 1321 
4529 727 1304 723 1305 
4530 931 926 930 1219 
4531 579 518 565 1129 
4532 458 493 504 1299 
4533 797 157 158 1223 
4534 310 627 285 668 
4535 574 531 582 1094 
4536 247 186 232 1277 
4537 306 25 248 230 
4538 486 719 748 1252 
4539 168 846 169 1366 
4540 659 305 657 639 
4541 1020 1226 1190 1285 
4542 1018 1207 1190 1285 
4543 849 560 100 587 
4544 601 324 283 291 
4545 928 925 1277 1348 
4546 251 477 34 656 
4547 394 362 353 1217 
4548 57 264 660 290 
4549 155 156 779 1281 
4550 298 287 316 1206 
4551 1143 1036 1289 1326 
4552 382 280 67 413 
4553 826 819 783 1236 
4554 201 226 236 1064 
4555 824 820 826 1233 
4556 824 826 783 1233 
4557 557 555 1311 1312 
4558 629 626 628 454 
4559 639 305 54 263 
4560 424 119 426 915 
4561 405 380 1298 1317 
4562 350 353 359 1238 
4563 767 808 680 830 
4564 257 258 256 1365 
4565 368 359 369 1238 
4566 867 1333 1334 1362 
4567 1144 1307 1004 1354 
4568 332 305 657 659 
4569 18 1104 934 1291 
4570 461 36 210 1207 
4571 285 668 600 286 
4572 179 225 252 1288 
4573 654 740 730 1275 
4574 188 415 1116 1355 
4575 705 706 754 1202 
4576 663 598 665 308 
4577 301 277 662 605 
4578 597 630 501 661 
4579 725 741 745 1211 
4580 226 231 188 1355 
4581 497 332 53 657 
4582 518 102 565 498 
4583 878 846 880 559 
4584 866 1333 867 1362 
4585 179 221 225 1288 
4586 354 89 723 1305 
4587 372 1192 416 1272 
4588 639 677 325 671 
4589 540 579 565 1129 
4590 370 417 73 298 
4591 832 797 762 1347 
4592 484 439 474 1132 
4593 14 679 673 149 
4594 311 21 254 1134 
4595 1131 1324 1059 1353 
4596 807 323 79 833 
4597 942 949 941 1339 
4598 89 386 681 1305 
4599 211 35 228 1187 
4600 327 150 8 276 
4601 410 1264 355 1356 
4602 157 799 756 1195 
4603 202 226 201 1140 
4604 12 424 161 915 
4605 499 490 455 1172 
4606 745 704 728 1211 
4607 488 448 1209 1286 
4608 447 483 448 1286 
4609 694 1098 710 1189 
4610 627 285 669 310 
4611 323 261 296 1250 
4612 591 880 921 1363 
4613 461 457 36 1207 
4614 582 531 13 160 
4615 768 709 809 829 
4616 326 764 63 708 
4617 540 565 545 1299 
4618 638 637 432 636 
4619 247 232 204 1348 
4620 279 655 20 311 
4621 265 270 266 1178 
4622 585 106 506 473 
4623 292 325 602 291 
4624 8 835 150 327 
4625 165 889 164 1314 
4626 74 64 835 327 
4627 476 459 503 1129 
4628 654 682 740 1275 
4629 506 748 585 1252 
4630 497 53 466 657 
4631 501 630 59 330 
4632 1135 1276 977 1335 
4633 395 365 400 1345 
4634 79 253 323 807 
4635 847 909 886 1172 
4636 565 103 545 1299 
4637 703 1195 1082 1280 
4638 618 595 617 1266 
4639 442 489 440 1123 
4640 539 567 844 1247 
4641 212 210 36 1207 
4642 305 639 325 671 
4643 127 124 582 834 
4644 180 672 52 652 
4645 8 150 833 271 
4646 300 322 77 757 
4647 330 501 630 661 
4648 846 564 880 559 
4649 743 784 741 721 
4650 142 601 143 1234 
4651 623 626 469 624 
4652 794 726 710 709 
4653 862 1328 865 1354 
4654 394 353 349 1169 
4655 333 25 248 306 
4656 106 585 558 473 
4657 466 666 639 638 
4658 622 621 425 667 
4659 931 928 932 15 
4660 182 197 242 1249 
4661 247 235 186 1277 
4662 13 834 582 160 
4663 167 839 166 1230 
4664 415 371 406 1116 
4665 564 913 846 880 
4666 604 48 19 655 
4667 666 657 466 639 
4668 875 876 870 1334 
4669 580 919 842 872 
4670 35 451 461 1187 
4671 363 356 357 1102 
4672 578 551 516 1139 
4673 557 1244 563 1312 
4674 193 224 206 1350 
4675 599 614 615 1267 
4676 438 492 480 631 
4677 885 858 864 1296 
4678 496 649 465 489 
4679 89 354 386 1305 
4680 147 640 148 1237 
4681 855 856 885 1167 
4682 200 561 46 588 
4683 362 366 361 1294 
4684 589 523 568 1074 
4685 641 632 610 1248 
4686 620 618 619 1286 
4687 500 492 438 1292 
4688 378 389 366 1294 
4689 929 927 1176 1368 
4690 1062 1302 970 1345 
4691 639 305 263 671 
4692 447 620 464 483 
4693 871 846 902 564 
4694 212 216 210 1207 
4695 666 612 638 465 
4696 1228 1335 1040 1357 
4697 441 440 447 1286 
4698 477 658 666 502 
4699 604 659 655 279 
4700 572 883 567 543 
4701 822 692 734 687 
4702 629 630 662 303 
4703 76 815 764 334 
4704 890 535 81 552 
4705 634 264 665 660 
4706 216 191 242 1346 
4707 786 743 804 742 
4708 89 681 723 1305 
4709 743 697 704 1195 
4710 643 670 291 671 
4711 377 388 367 1288 
4712 780 151 152 1186 
4713 848 588 80 535 
4714 180 238 197 1249 
4715 705 703 698 1082 
4716 878 170 169 1278 
4717 410 342 355 1264 
4718 1016 1145 1142 1331 
4719 469 487 475 623 
4720 508 132 836 810 
4721 31 387 421 1355 
4722 407 361 376 1262 
4723 621 483 622 425 
4724 752 727 729 1304 
4725 100 849 587 481 
4726 547 572 844 539 
4727 195 202 201 1140 
4728 401 343 360 1295 
4729 763 818 129 589 
4730 468 622 475 425 
4731 160 526 13 836 
4732 253 261 323 1250 
4733 488 441 448 1286 
4734 660 667 290 645 
4735 435 440 441 1235 
4736 621 463 625 483 
4737 903 536 543 544 
4738 521 562 530 1284 
4739 104 507 519 545 
4740 139 672 5 177 
4741 683 685 684 1313 
4742 38 471 217 505 
4743 871 536 902 544 
4744 690 91 376 1263 
4745 103 458 545 1299 
4746 626 469 651 623 
4747 268 300 77 815 
4748 567 844 572 539 
4749 547 900 872 901 
4750 1032 1227 1104 1291 
4751 434 482 452 1182 
4752 580 842 546 872 
4753 652 603 51 228 
4754 754 724 705 1107 
4755 572 594 509 884 
4756 489 442 496 1261 
4757 513 515 512 1251 
4758 878 169 846 1278 
4759 710 711 729 1098 
4760 657 497 604 656 
4761 249 200 46 588 
4762 501 330 736 661 
4763 825 735 831 796 
4764 654 730 137 664 
4765 184 191 189 1165 
4766 421 841 97 371 
4767 183 233 181 1194 
4768 104 507 545 458 
4769 743 704 741 1211 
4770 519 507 105 462 
4771 753 597 108 480 
4772 508 516 511 1231 
4773 176 947 943 1238 
4774 703 728 704 1280 
4775 818 555 130 523 
4776 74 64 335 835 
4777 290 645 668 286 
4778 711 732 701 1322 
4779 26 393 413 248 
4780 653 313 61 674 
4781 327 319 64 1189 
4782 213 216 212 1346 
4783 604 332 234 497 
4784 486 113 506 748 
4785 837 813 765 1311 
4786 747 707 708 1181 
4787 201 236 203 1283 
4788 879 880 591 559 
4789 720 830 785 721 
4790 712 699 718 1255 
4791 1228 1314 1040 1335 
4792 393 367 418 1199 
4793 127 124 834 590 
4794 867 1333 1140 1334 
4795 64 694 709 1189 
4796 422 751 93 402 
4797 245 206 205 1134 
4798 476 565 102 459 
4799 562 586 530 1284 
4800 872 900 547 566 
4801 301 308 640 662 
4802 900 547 566 572 
4803 891 101 115 560 
4804 123 680 808 720 
4805 52 180 652 238 
4806 932 1016 1142 1331 
4807 480 492 469 624 
4808 269 298 316 1206 
4809 334 313 268 1181 
4810 228 35 210 1187 
4811 929 16 924 1200 
4812 829 709 63 708 
4813 184 242 191 1165 
4814 464 465 649 489 
4815 742 786 721 722 
4816 710 709 694 1189 
4817 321 264 290 645 
4818 754 681 724 1107 
4819 248 26 393 199 
4820 645 321 665 644 
4821 484 449 479 1190 
4822 423 85 378 524 
4823 738 703 705 1280 
4824 325 646 677 279 
4825 559 537 554 1278 
4826 682 654 740 138 
4827 539 547 546 901 
4828 945 959 955 1225 
4829 690 728 738 1263 
4830 706 749 729 1100 
4831 174 953 175 1257 
4832 636 465 649 464 
4833 548 84 423 524 
4834 542 531 574 1094 
4835 588 80 397 848 
4836 723 727 752 1304 
4837 330 653 60 661 
4838 108 713 664 136 
4839 522 555 577 1311 
4840 795 794 726 796 
4841 914 340 99 342 
4842 492 500 456 1292 
4843 354 408 416 1272 
4844 469 492 487 623 
4845 584 554 537 1278 
4846 662 308 663 303 
4847 628 630 454 501 
4848 405 363 380 1317 
4849 589 122 689 568 
4850 737 726 710 794 
4851 576 563 557 1244 
4852 645 321 644 286 
4853 352 365 395 1345 
4854 891 518 101 560 
4855 505 455 117 847 
4856 691 806 696 739 
4857 317 292 311 1134 
4858 710 694 711 1098 
4859 416 372 369 1192 
4860 497 33 49 656 
4861 149 605 674 1181 
4862 458 476 493 1299 
4863 251 49 33 656 
4864 279 325 646 311 
4865 650 622 475 651 
4866 355 400 390 1356 
4867 1040 1247 1228 1357 
4868 750 701 732 1322 
4869 354 416 386 1305 
4870 449 484 495 1190 
4871 727 681 754 1305 
4872 744 718 699 1255 
4873 560 534 882 580 
4874 830 720 680 721 
4875 842 882 919 580 
4876 556 568 523 1074 
4877 532 120 121 731 
4878 675 47 20 205 
4879 277 662 630 303 
4880 61 133 653 674 
4881 846 871 913 564 
4882 696 804 742 739 
4883 286 321 644 338 
4884 561 879 591 535 
4885 321 665 598 308 
4886 518 560 882 580 
4887 290 310 285 668 
4888 716 700 715 1204 
4889 442 472 496 1261 
4890 682 684 699 1275 
4891 113 486 719 748 
4892 394 420 362 1217 
4893 463 432 636 464 
4894 914 887 850 1264 
4895 787 789 792 1232 
4896 263 291 670 671 
4897 188 31 415 1355 
4898 83 82 517 392 
4899 371 415 421 1355 
4900 701 87 88 396 
4901 825 776 777 1313 
4902 313 707 61 674 
4903 872 546 580 547 
4904 203 196 201 1283 
4905 284 292 317 1274 
4906 277 301 313 605 
4907 223 200 243 1363 
4908 150 835 768 1189 
4909 721 785 720 722 
4910 726 708 795 695 
4911 280 67 68 382 
4912 483 621 463 425 
4913 694 64 319 1189 
4914 433 434 437 1336 
4915 473 462 450 1340 
4916 515 569 512 1251 
4917 922 923 927 1289 
4918 659 646 655 279 
4919 465 666 612 502 
4920 177 5 139 245 
4921 518 842 546 580 
4922 337 66 318 750 
4923 751 592 126 573 
4924 518 101 102 498 
4925 235 224 233 1350 
4926 243 226 202 1334 
4927 283 285 324 669 
4928 753 108 107 480 
4929 612 649 638 465 
4930 1065 1290 1206 1359 
4931 264 663 308 303 
4932 916 375 10 419 
4933 725 574 124 582 
4934 669 647 285 668 
4935 774 775 776 1321 
4936 603 34 50 211 
4937 472 461 451 1187 
4938 317 311 254 1134 
4939 359 361 407 1262 
4940 195 241 202 1333 
4941 107 597 753 480 
4942 506 473 486 1252 
4943 584 537 529 1366 
4944 658 612 666 502 
4945 682 679 673 138 
4946 772 774 770 1337 
4947 466 657 666 477 
4948 709 726 708 795 
4949 580 872 547 566 
4950 219 218 178 1362 
4951 374 548 84 423 
4952 679 14 747 149 
4953 133 61 707 674 
4954 626 469 628 454 
4955 871 544 514 564 
4956 627 669 635 310 
4957 737 831 688 735 
4958 420 378 362 1294 
4959 381 412 405 1298 
4960 552 554 517 1127 
4961 534 40 246 229 
4962 292 284 291 1274 
4963 747 14 707 674 
4964 567 527 520 1247 
4965 357 356 351 1102 
4966 70 71 293 341 
4967 349 353 350 1169 
4968 141 602 643 1274 
4969 727 723 681 1305 
4970 883 165 844 1247 
4971 24 23 192 259 
4972 613 146 599 1306 
4973 421 415 31 1355 
4974 894 1116 841 1355 
4975 762 827 832 1347 
4976 952 953 933 1229 
4977 655 20 19 279 
4978 90 91 724 383 
4979 128 590 808 123 
4980 371 421 841 1355 
4981 686 744 684 1184 
4982 841 421 97 1355 
4983 370 73 72 298 
4984 54 55 432 263 
4985 636 648 625 464 
4986 669 324 635 310 
4987 880 876 921 1363 
4988 379 70 69 262 
4989 449 442 436 1343 
4990 598 321 308 302 
4991 251 33 477 656 
4992 45 200 223 1363 
4993 66 732 318 750 
4994 671 670 263 637 
4995 558 585 532 1252 
4996 368 372 404 1192 
4997 221 199 250 1199 
4998 425 56 57 290 
4999 649 638 465 636 
5000 638 466 666 465 
5001 111 112 460 700 
5002 19 48 20 655 
5003 205 675 5 245 
5004 597 135 107 753 
5005 402 751 93 733 
5006 246 587 40 534 
5007 231 387 31 1355 
5008 483 475 622 425 
5009 591 913 564 880 
5010 940 945 935 1258 
5011 957 939 938 1215 
5012 544 871 536 564 
5013 651 469 626 468 
5014 177 672 52 180 
5015 925 931 930 1212 
5016 897 841 97 1355 
5017 801 761 155 1282 
5018 557 556 555 1312 
5019 564 846 537 559 
5020 796 735 726 695 
5021 884 572 594 904 
5022 454 58 59 303 
5023 536 529 537 1366 
5024 628 480 597 501 
5025 212 36 37 457 
5026 414 81 82 552 
5027 325 677 602 671 
5028 929 1176 928 1277 
5029 305 54 53 466 
5030 324 635 310 263 
5031 275 329 315 1273 
5032 970 1302 1145 1331 
5033 434 443 437 1336 
5034 471 116 481 898 
5035 117 471 505 898 
5036 653 134 60 661 
5037 263 305 325 671 
5038 761 692 822 806 
5039 743 696 804 742 
5040 69 68 348 297 
5041 90 89 386 681 
5042 723 88 89 354 
5043 639 677 305 325 
5044 477 34 33 251 
5045 313 653 277 605 
5046 666 466 477 502 
5047 308 665 663 264 
5048 777 776 775 1313 
5049 714 111 110 467 
5050 462 446 450 1340 
5051 748 719 731 1252 
5052 247 204 227 1348 
5053 91 92 690 376 
5054 471 246 39 217 
5055 45 561 200 1363 
5056 897 97 421 1355 
5057 29 30 373 222 
5058 95 80 81 535 
5059 33 49 234 497 
5060 514 45 223 1363 
5061 330 6 501 736 
5062 464 625 463 483 
5063 2 234 332 497 
5064 60 61 653 277 
5065 380 381 405 1298 
5066 229 187 244 1296 
5067 535 879 591 559 
5068 448 487 488 1209 
5069 946 951 934 1227 
5070 187 41 42 566 
5071 633 624 615 1292 
5072 692 691 822 806 
5073 876 913 870 1363 
5074 221 28 27 367 
5075 735 726 737 796 
5076 469 626 468 454 
5077 706 698 734 1282 
5078 498 114 918 891 
5079 3 397 249 588 
5080 904 572 594 543 
5081 4 587 246 481 
5082 107 135 597 501 
5083 248 413 1 333 
5084 126 702 751 573 
5085 109 110 470 712 
5086 692 691 806 696 
5087 219 239 1333 1362 
5088 11 506 748 585 
5089 71 72 269 384 
5090 213 191 216 1346 
5091 466 666 465 502 
5092 903 543 594 544 
5093 465 638 432 636 
5094 539 527 567 1247 
5095 590 680 808 123 
5096 86 85 553 389 
5097 885 864 908 1296 
5098 414 94 890 916 
5099 288 289 281 1326 
5100 180 197 182 1249 
5101 377 28 29 179 
5102 653 277 630 330 
5103 496 465 612 502 
5104 667 290 645 668 
5105 657 658 477 656 
5106 807 833 766 1250 
5107 26 27 393 199 
5108 387 96 897 397 
5109 653 277 662 630 
5110 58 57 264 468 
5111 320 289 339 1191 
5112 100 115 101 560 
5113 352 356 358 1310 
5114 915 851 888 1330 
5115 880 564 591 559 
5116 499 38 37 198 
5117 21 20 205 311 
5118 750 337 7 417 
5119 591 913 880 1363 
5120 668 285 290 286 
5121 387 231 32 249 
5122 514 591 913 564 
5123 63 75 335 809 
5124 19 332 604 279 
5125 182 242 184 1352 
5126 368 369 372 1192 
5127 231 31 188 1355 
5128 451 658 477 502 
5129 305 659 677 639 
5130 461 495 457 1207 
5131 810 508 132 131 
5132 481 246 39 471 
5133 471 39 38 217 
5134 545 103 104 458 
5135 190 189 194 1338 
5136 1140 1333 202 1334 
5137 410 355 390 1356 
5138 223 44 45 514 
5139 100 115 849 481 
5140 291 324 263 670 
5141 327 276 319 1189 
5142 101 114 498 891 
5143 671 263 639 637 
5144 548 84 83 374 
5145 397 387 32 249 
5146 41 40 534 229 
5147 210 35 36 461 
5148 822 691 692 687 
5149 239 241 219 1333 
5150 363 399 380 1317 
5151 368 350 359 1238 
5152 469 651 475 468 
5153 741 704 745 1211 
5154 303 630 277 330 
5155 43 42 509 218 
5156 469 480 628 454 
5157 105 106 558 473 
5158 659 604 332 279 
5159 956 958 937 1351 
5160 662 277 308 303 
5161 593 576 557 1244 
5162 24 25 306 230 
5163 862 866 865 1328 
5164 497 657 477 656 
5165 833 323 79 271 
5166 121 689 122 568 
5167 291 263 325 671 
5168 21 22 254 206 
5169 308 301 277 662 
5170 332 234 19 604 
5171 593 541 576 1244 
5172 9 592 751 422 
5173 32 31 231 387 
5174 80 95 397 848 
5175 48 47 20 655 
5176 501 107 135 736 
5177 913 591 514 1363 
5178 63 62 326 708 
5179 97 897 421 387 
5180 581 122 123 720 
5181 890 81 94 414 
5182 309 281 289 1326 
5183 645 290 321 286 
5184 295 315 329 1273 
5185 424 12 119 915 
5186 60 61 134 653 
5187 253 79 78 807 
5188 258 307 256 1365 
5189 636 432 465 464 
5190 432 466 638 465 
5191 742 786 743 721 
5192 44 43 575 178 
5193 408 372 416 1272 
5194 183 182 184 1352 
5195 732 65 66 318 
5196 709 63 335 809 
5197 64 65 694 319 
5198 631 480 597 628 
5199 866 869 917 1362 
5200 942 952 949 1339 
5201 846 168 902 1366 
5202 61 62 707 313 
5203 18 934 933 1291 
5204 880 913 876 1363 
5205 102 103 565 476 
5206 277 653 60 330 
5207 653 61 313 277 
5208 246 39 4 481 
5209 697 703 704 1195 
5210 501 59 6 330 
5211 815 76 268 334 
5212 249 46 3 588 
5213 867 875 870 1334 
5214 1 25 248 333 
5215 866 917 865 1328 
5216 929 927 928 1176 
5217 480 628 454 501 
5218 397 95 96 848 
5219 486 112 113 719 
5220 561 46 45 200 
5221 98 97 841 371 
5222 421 387 897 1355 
5223 699 740 682 1275 
5224 33 497 477 656 
5225 132 836 526 578 
5226 680 590 124 123 
5227 728 703 738 1280 
5228 410 98 99 887 
5229 514 561 45 1363 
5230 397 32 3 249 
5231 61 133 134 653 
5232 888 118 119 494 
5233 587 4 100 481 
5234 849 115 116 481 
5235 2 33 234 497 
5236 31 30 188 415 
5237 107 597 480 501 
5238 285 324 669 310 
5239 448 441 447 1286 
5240 93 92 402 733 
5241 894 841 897 1355 
5242 55 56 463 310 
5243 736 330 60 661 
5244 662 277 653 605 
5245 730 713 137 664 
5246 228 603 51 211 
5247 740 699 730 1275 
5248 340 99 10 914 
5249 217 229 214 1296 
5250 234 48 19 604 
5251 869 866 868 1362 
5252 455 118 117 847 
5253 207 23 22 320 
5254 11 106 506 585 
5255 506 113 11 748 
5256 573 126 702 125 
5257 239 1334 1333 1362 
5258 234 19 2 332 
5259 84 85 423 524 
5260 740 730 137 654 
5261 413 67 1 333 
5262 332 53 2 497 
5263 3 80 397 588 
5264 193 233 224 1350 
5265 587 40 4 246 
5266 748 120 11 585 
5267 337 73 7 417 
5268 833 79 8 271 
5269 751 592 9 126 
5270 7 66 337 750 
5271 1 26 413 248 
5272 750 7 87 417 
5273 238 652 51 228 
5274 243 239 223 1334 
5275 751 93 9 422 
5276 105 104 507 519 
5277 129 581 763 589 
5278 589 818 129 523 
5279 335 64 63 709 
5280 438 108 109 713 
5281 672 52 5 177 
5282 211 34 35 451 
5283 657 466 497 477 
5284 378 366 362 1294 
5285 239 243 202 1334 
5286 117 116 471 898 
5287 557 563 556 1312 
5288 574 125 725 124 
5289 6 107 501 736 
5290 330 60 6 736 
5291 673 679 14 138 
5292 74 835 335 809 
5293 577 131 765 130 
5294 592 9 86 422 
5295 229 244 214 1296 
5296 308 321 665 264 
5297 332 305 659 279 
5298 808 834 590 127 
5299 219 178 239 1362 
5300 836 526 13 132 
5301 202 241 239 1333 
5302 78 77 322 757 
5303 114 101 115 891 
5304 268 77 76 815 
5305 897 97 96 387 
5306 76 764 326 334 
5307 736 60 134 661 
5308 95 81 94 890 
5309 133 707 14 674 
5310 675 5 47 205 
5311 239 202 1333 1334 
5312 130 129 818 523 
5313 581 128 129 763 
5314 459 114 918 498 
5315 929 928 925 1277 
5316 136 135 597 753 
5317 137 740 654 138 
5318 652 51 52 238 
5319 591 561 514 1363 
5320 94 414 375 916 
5321 713 137 664 136 
5322 75 76 764 326 
5323 50 49 251 656 
5324 603 50 51 211 
5325 12 114 918 459 
5326 234 49 48 604 
5327 835 8 74 327 
5328 834 13 582 127 
5329 10 94 375 916 
5330 736 134 135 661 
5331 127 590 808 128 
5332 335 75 74 809 
5333 1182 1224 971 1087 
5334 971 1224 1182 1155 
5335 793 1300 1121 790 
5336 1121 1300 793 1084 
5337 1088 1240 1063 1011 
5338 1063 1240 1088 978 
5339 1163 142 1071 141 
5340 1163 1071 142 1161 
5341 1318 994 1150 965 
5342 1318 1150 994 1034 
5343 1250 780 1154 766 
5344 1250 1154 780 1066 
5345 1195 1281 156 1082 
5346 156 1281 1195 157 
5347 1212 998 1004 1050 
5348 1212 1004 998 931 
5349 1240 1314 1040 1011 
5350 1040 1314 1240 992 
5351 1040 1158 1240 1011 
5352 1240 1158 1040 992 
5353 1221 1035 964 997 
5354 1221 964 1035 1099 
5355 1280 1125 1033 1028 
5356 1280 1033 1125 1263 
5357 1284 1139 1231 586 
5358 1284 1231 1139 991 
5359 1230 168 853 1029 
5360 1230 853 168 167 
5361 365 1288 388 411 
5362 388 1288 365 1151 
5363 762 1139 1048 798 
5364 1048 1139 762 1089 
5365 1265 550 517 548 
5366 1265 517 550 1022 
5367 1195 761 156 799 
5368 1195 156 761 1082 
5369 1151 1345 1288 365 
5370 1151 1288 1345 1113 
5371 411 1288 1345 365 
5372 411 1345 1288 1113 
5373 1344 1349 968 1029 
5374 968 1349 1344 1077 
5375 968 1086 1344 1029 
5376 1344 1086 968 1077 
5377 274 1273 1143 329 
5378 1143 1273 274 1001 
5379 1204 491 467 1041 
5380 1204 467 491 460 
5381 1117 1150 1160 1001 
5382 1160 1150 1117 965 
5383 1303 1347 1164 1024 
5384 1164 1347 1303 832 
5385 1365 1178 258 266 
5386 1365 258 1178 1056 
5387 265 258 1178 266 
5388 265 1178 258 1056 
5389 1114 1138 1111 986 
5390 1111 1138 1114 971 
5391 960 1169 1238 943 
5392 1238 1169 960 350 
5393 1367 1302 1113 998 
5394 1367 1113 1302 1009 
5395 1132 847 888 474 
5396 1132 888 847 909 
5397 1318 967 1148 1045 
5398 1318 1148 967 1034 
5399 1236 606 614 1118 
5400 1236 614 606 148 
5401 1152 1332 1022 968 
5402 1022 1332 1152 990 
5403 551 1287 1048 583 
5404 1048 1287 551 1139 
5405 1287 570 549 583 
5406 1287 549 570 1090 
5407 1250 781 780 766 
5408 1250 780 781 1013 
5409 1325 974 1053 1197 
5410 1325 1053 974 1133 
5411 1116 373 1356 406 
5412 1116 1356 373 1113 
5413 400 1356 373 406 
5414 400 373 1356 1113 
5415 1287 549 1205 583 
5416 1287 1205 549 1044 
5417 1136 1346 1167 1030 
5418 1167 1346 1136 213 
5419 1365 1250 331 261 
5420 1365 331 1250 1013 
5421 1365 1006 1013 1210 
5422 1365 1013 1006 1056 
5423 1139 570 1287 551 
5424 1139 1287 570 1090 
5425 1278 1166 1077 1022 
5426 1278 1077 1166 170 
5427 1274 995 317 1071 
5428 1274 317 995 1134 
5429 1165 1285 1346 1030 
5430 1346 1285 1165 1068 
5431 1172 1296 217 214 
5432 217 1296 1172 886 
5433 1339 968 1086 1332 
5434 1339 1086 968 1156 
5435 1111 803 773 772 
5436 1111 773 803 1081 
5437 912 1362 178 218 
5438 178 1362 912 869 
5439 178 509 912 218 
5440 912 509 178 869 
5441 309 1183 259 336 
5442 259 1183 309 1036 
5443 1259 930 1075 16 
5444 1259 1075 930 1179 
5445 1354 998 1140 1050 
5446 1354 1140 998 1144 
5447 1217 1295 1169 394 
5448 1169 1295 1217 990 
5449 1303 821 805 1193 
5450 1303 805 821 823 
5451 1281 1282 156 1082 
5452 156 1282 1281 155 
5453 1094 1205 1270 1033 
5454 1270 1205 1094 1048 
5455 1244 522 557 593 
5456 1244 557 522 1311 
5457 200 906 231 896 
5458 200 231 906 249 
5459 1328 241 917 1095 
5460 1328 917 241 1333 
5461 1095 219 861 240 
5462 1095 861 219 917 
5463 460 1340 486 450 
5464 486 1340 460 1204 
5465 1152 1265 1217 1044 
5466 1217 1265 1152 990 
5467 1216 398 1102 954 
5468 1216 1102 398 351 
5469 1355 896 893 231 
5470 1355 893 896 894 
5471 1367 1009 850 874 
5472 850 1009 1367 1188 
5473 850 873 1367 874 
5474 1367 873 850 1188 
5475 320 192 1191 207 
5476 320 1191 192 259 
5477 945 1361 940 944 
5478 940 1361 945 1258 
5479 1335 1358 1135 1276 
5480 1135 1358 1335 1052 
5481 652 1187 603 228 
5482 603 1187 652 676 
5483 1298 1199 381 418 
5484 1298 381 1199 1008 
5485 382 381 1199 418 
5486 382 1199 381 1008 
5487 1069 739 788 791 
5488 1069 788 739 717 
5489 987 1361 1227 1016 
5490 1227 1361 987 1104 
5491 1288 1153 1151 1199 
5492 1288 1151 1153 1047 
5493 644 302 1108 338 
5494 1108 302 644 598 
5495 1267 616 1087 615 
5496 1267 1087 616 1138 
5497 1286 1266 1076 618 
5498 1286 1076 1266 1015 
5499 1283 1367 1113 998 
5500 1113 1367 1283 1064 
5501 1206 396 385 370 
5502 1206 385 396 1026 
5503 1189 794 151 1098 
5504 1189 151 794 768 
5505 869 178 868 575 
5506 869 868 178 1362 
5507 1215 1016 1331 1145 
5508 1215 1331 1016 1171 
5509 1172 212 213 198 
5510 1172 213 212 1018 
5511 70 1173 293 262 
5512 293 1173 70 341 
5513 667 463 56 627 
5514 667 56 463 425 
5515 560 899 849 911 
5516 849 899 560 587 
5517 1158 1335 1080 1040 
5518 1158 1080 1335 977 
5519 1251 1080 1335 1040 
5520 1251 1335 1080 977 
5521 1060 1309 1067 1063 
5522 1060 1067 1309 963 
5523 1243 1067 1309 1063 
5524 1243 1309 1067 963 
5525 1344 169 873 1077 
5526 1344 873 169 843 
5527 1278 550 1127 1022 
5528 1278 1127 550 554 
5529 409 1295 394 401 
5530 394 1295 409 1265 
5531 782 1321 1027 774 
5532 1027 1321 782 1118 
5533 1304 701 1322 752 
5534 1304 1322 701 1026 
5535 1293 1318 1246 988 
5536 1246 1318 1293 1045 
5537 467 712 110 714 
5538 110 712 467 470 
5539 749 688 838 734 
5540 838 688 749 800 
5541 838 801 749 734 
5542 749 801 838 800 
5543 1224 443 491 453 
5544 1224 491 443 1155 
5545 584 1284 529 530 
5546 529 1284 584 1042 
5547 1172 885 855 886 
5548 1172 855 885 1167 
5549 1181 62 708 326 
5550 1181 708 62 707 
5551 910 588 879 906 
5552 910 879 588 535 
5553 561 879 588 906 
5554 561 588 879 535 
5555 1057 713 109 730 
5556 1057 109 713 438 
5557 1358 1316 1135 962 
5558 1358 1135 1316 1052 
5559 928 931 1348 15 
5560 928 1348 931 925 
5561 1105 1348 931 15 
5562 1105 931 1348 925 
5563 281 1143 309 282 
5564 309 1143 281 1326 
5565 1087 1057 500 1224 
5566 500 1057 1087 1292 
5567 486 1340 473 450 
5568 473 1340 486 1252 
5569 1050 1095 194 1328 
5570 194 1095 1050 1338 
5571 194 195 1050 1328 
5572 1050 195 194 1338 
5573 1286 483 620 447 
5574 1286 620 483 619 
5575 721 767 830 785 
5576 721 830 767 680 
5577 1181 62 313 707 
5578 1181 313 62 334 
5579 1286 488 1015 1209 
5580 1286 1015 488 441 
5581 459 161 12 503 
5582 459 12 161 918 
5583 419 916 1127 171 
5584 419 1127 916 375 
5585 245 675 1134 205 
5586 245 1134 675 139 
5587 1356 98 410 887 
5588 1356 410 98 390 
5589 674 747 1181 707 
5590 674 1181 747 149 
5591 677 279 305 325 
5592 305 279 677 659 
$EndElements
